﻿<?xml version="1.0" encoding="utf-8"?><HelpTOCNode Title="TextualSimulator Methods" Url="html/2057beb6-9e42-3083-365d-9c670d6fc5a0.htm"><HelpTOCNode Title="btnExit_Click Method " Url="html/0bfc359d-2383-61e2-91b9-36c96f8f3100.htm" /><HelpTOCNode Title="btnResetTextSim_Click Method " Url="html/fbed782d-8db9-02b1-2bc6-2894e3a83f24.htm" /><HelpTOCNode Title="btnRunTextSim_Click Method " Url="html/3d9ac188-69ed-b2e6-e338-9af16a2f1e48.htm" /><HelpTOCNode Title="btnSaveTextSim_Click Method " Url="html/cd6d19a9-a38c-bb3d-8eda-37d00b254459.htm" /><HelpTOCNode Title="InitializeComponent Method " Url="html/84c27768-03da-85a7-9e30-2028b81e2548.htm" /><HelpTOCNode Title="numUpDownSpeed_ValueChanged Method " Url="html/130d56b4-f696-167a-2355-9cd1804f8b34.htm" /><HelpTOCNode Title="Reset Method " Url="html/60ce957a-1cbf-8c39-a1e3-c2f661e74460.htm" /><HelpTOCNode Title="TimerCallback Method " Url="html/2df424b5-e1c9-b62b-9fd2-69c7bb030ccd.htm" /><HelpTOCNode Title="ToggleRunPause Method " Url="html/984ccc37-6567-2970-3ea8-01a68544395d.htm" /></HelpTOCNode>