﻿<?xml version="1.0" encoding="utf-8"?><HelpTOCNode Title="VisualSimulator Methods" Url="html/20ef8f64-e0b8-17fa-bc8e-d88aebb397c9.htm"><HelpTOCNode Title="btnExit_Click Method " Url="html/4d8ca7e6-2726-d403-67da-51b0db506db8.htm" /><HelpTOCNode Title="btnFirst_Clicked Method " Url="html/c32b93ab-415d-b831-ab0f-40b2749a18a4.htm" /><HelpTOCNode Title="btnLast_Clicked Method " Url="html/6e85a3f6-b67e-f3d5-a226-38ae4d5fbd03.htm" /><HelpTOCNode Title="btnNext_Clicked Method " Url="html/83e520cf-5e5a-7958-2924-93df1cdb96a8.htm" /><HelpTOCNode Title="btnPlayPause_Clicked Method " Url="html/04673b25-17eb-bc5f-9832-a3e76c005ec7.htm" /><HelpTOCNode Title="btnPrev_Clicked Method " Url="html/e1bdb93e-a46d-2f36-4ee1-6349963ef5fc.htm" /><HelpTOCNode Title="btnReset_Clicked Method " Url="html/f2ba3c49-6c1a-8f01-cc8e-699a7deeaf27.htm" /><HelpTOCNode Title="btnSaveToFile_Clicked Method " Url="html/bde89574-aa52-d2a9-4aee-2c151181dd05.htm" /><HelpTOCNode Title="CalculateRingProperties Method " Url="html/2baf8bce-b001-69b9-ac9f-0f0ced345737.htm" /><HelpTOCNode Title="chkBox_CheckedChanged Method " Url="html/c7537848-e30d-7e2e-7a09-21b22c03f4b6.htm" /><HelpTOCNode Title="CreateDynamicControls Method " Url="html/dd7cb46f-abe0-a4ff-e988-83648c0d306f.htm" /><HelpTOCNode Title="DrawNodes Method " Url="html/294e17db-7a6f-6138-2dca-c7891e7998c5.htm" /><HelpTOCNode Title="FillInfoList Method " Url="html/10752849-de86-8a0b-b840-4bb218334385.htm" /><HelpTOCNode Title="gbSimulation_Paint Method " Url="html/bf2e9bd7-f383-fe5d-5dc5-5bde68312580.htm" /><HelpTOCNode Title="InitializeComponent Method " Url="html/1a9ec291-2861-36ea-e2fc-8549fbe8a05d.htm" /><HelpTOCNode Title="numUpDownSpeed_ValueChanged Method " Url="html/b97bef8b-2e89-d952-0346-d406f41a5f98.htm" /><HelpTOCNode Title="RefreshSimulator Method " Url="html/7c55996e-c416-ad1b-4eb3-c8dfb3635dc0.htm" /><HelpTOCNode Title="SaveData Method " Url="html/879eb692-6141-e544-274d-bb5a589ee76a.htm" /><HelpTOCNode Title="SetCheckStatus Method " Url="html/f1dc921a-3182-a972-cb6f-c044a03d462a.htm" /><HelpTOCNode Title="SetCouners Method " Url="html/4dcff451-53c3-88cf-b7d8-91ffd793e1e5.htm" /><HelpTOCNode Title="SetStatusOfPlaybackButtons Method " Url="html/d8928933-b637-6e18-c18e-9059a42dcbf1.htm" /><HelpTOCNode Title="TimerCallback Method " Url="html/9b765f02-9b00-4d47-61d7-61daa5136a2e.htm" /><HelpTOCNode Title="UpdateInfoList Method " Url="html/42d7a702-bf8e-a0d8-9b7c-1303bc17adf6.htm" /></HelpTOCNode>