﻿<?xml version="1.0" encoding="utf-8"?><HelpTOCNode Title="UniqueKNode Properties" Url="html/60eb5e4a-f8c3-2806-3055-baa8c3b6fe5e.htm"><HelpTOCNode Title="Active Property " Url="html/0a12657b-2323-fa03-a80d-6545b58c1fbb.htm" /><HelpTOCNode Title="Count Property " Url="html/07f1bfd9-39d1-855a-e05e-a69f3029941b.htm" /><HelpTOCNode Title="Init Property " Url="html/33965665-ac2b-9e48-7708-615ce2e96619.htm" /><HelpTOCNode Title="IsLeader Property " Url="html/1990db2a-a1ff-2e5a-7af4-981bb84a7c42.htm" /><HelpTOCNode Title="K Property " Url="html/47d536ea-7cbf-9dd4-773a-9fe65610be1f.htm" /><HelpTOCNode Title="Leader Property " Url="html/345a146f-5267-d824-8888-d494b57afcb9.htm" /><HelpTOCNode Title="LeaderElected Property " Url="html/4c63ef2f-308a-5709-bdc8-cf722938c5ac.htm" /><HelpTOCNode Title="NOCOUNT Property " Url="html/11137e2f-6e6b-1f89-2565-a3f5f66dbb27.htm" /><HelpTOCNode Title="NOMESSAGE Property " Url="html/e20584af-bfd0-1338-6067-bfae1aa80386.htm" /><HelpTOCNode Title="UNDEFINED Property " Url="html/4d42cbc0-255e-b859-021f-bb6be9b0c1a4.htm" /></HelpTOCNode>