﻿<?xml version="1.0" encoding="utf-8"?><HelpTOCNode Title="DistributedAlgorithmSimulator" Url="html/6c86eb03-33a5-2809-c62f-023d07445ec8.htm"><HelpTOCNode Title="Algorithm Enumeration" Url="html/bfae14b3-1df8-e228-0062-7156bf876dfb.htm" /><HelpTOCNode Title="Common Class" Url="html/5d6443d2-7945-cad4-18d9-fb71dc4cad63.htm" HasChildren="true" /><HelpTOCNode Title="DistributedAlgorithmSimulator Class" Url="html/0339951a-5aca-45f9-43b1-3fbd5c17fbdb.htm" HasChildren="true" /><HelpTOCNode Title="ExtensionMethods Class" Url="html/06fbd2bb-e5a0-53e9-6dd6-c35cec57557b.htm" HasChildren="true" /><HelpTOCNode Title="FileOperations Class" Url="html/266924ec-b9ed-85b5-1a63-d0bb671ca938.htm" HasChildren="true" /><HelpTOCNode Title="History Class" Url="html/29a3a8b0-2f2c-a7fb-bd67-8ebf1a95d059.htm" HasChildren="true" /><HelpTOCNode Title="NodeControl Class" Url="html/2f551e3f-a2d5-646a-685e-2a08e129890f.htm" HasChildren="true" /><HelpTOCNode Title="NodeInfoControl Class" Url="html/b4eeff2a-50df-f0f2-d4f7-008f66a05e0c.htm" HasChildren="true" /><HelpTOCNode Title="TextualSimulator Class" Url="html/efe84677-c536-a479-2203-1dc085a35a97.htm" HasChildren="true" /><HelpTOCNode Title="VisualSimulator Class" Url="html/b68a043c-f957-8c6b-7adf-0e59a730ca1f.htm" HasChildren="true" /></HelpTOCNode>