﻿<?xml version="1.0" encoding="utf-8"?><HelpTOCNode Title="UniqueKUtility Methods" Url="html/981ed4c8-b9d6-5f4f-85c6-7bfc329a2a52.htm"><HelpTOCNode Title="ErrorChecks Method " Url="html/fb620a3b-cf23-cb2d-865f-978a289e83ae.htm" /><HelpTOCNode Title="FindK Method " Url="html/bc5dd18d-6b13-3830-d6d1-c2b065d41fd4.htm" HasChildren="true" /><HelpTOCNode Title="GetStatus Method " Url="html/ee4921f4-252b-508d-1827-d0c312afb71f.htm" /><HelpTOCNode Title="GetVariables Method " Url="html/410beafb-b762-9269-501c-9c01282bb3b2.htm" /><HelpTOCNode Title="Initialize Method " Url="html/6800aa0d-e5bf-f57c-093a-34f826aef410.htm" /><HelpTOCNode Title="IsFinished Method " Url="html/d2db4187-5cfe-22d4-34c7-db33bcb43d6a.htm" /><HelpTOCNode Title="PrintList Method " Url="html/1f9e728d-04a0-333b-4ca1-6b3c3e0f1e7e.htm" /><HelpTOCNode Title="PrintStep Method " Url="html/2f334181-5bbf-f47d-5299-7a9ea581fd7f.htm" /></HelpTOCNode>