﻿<?xml version="1.0" encoding="utf-8"?><HelpTOCNode Title="Common Fields" Url="html/c8116d4c-913f-c2a0-1952-4025b00a6e72.htm"><HelpTOCNode Title="CAPTION_ERROR Field" Url="html/85090610-abcb-7d34-7b07-34b61eacd70e.htm" /><HelpTOCNode Title="CAPTION_FILE_ERROR Field" Url="html/05497d66-83ff-2a20-e87b-aed706b4fccc.htm" /><HelpTOCNode Title="CAPTION_FILE_WRITE Field" Url="html/71ad4a97-d4d9-f23b-5393-b1de8eca31e8.htm" /><HelpTOCNode Title="CAPTION_INVALID_ID Field" Url="html/4d5c60e5-ec59-6d28-e1a2-ab007d5f9414.htm" /><HelpTOCNode Title="CAPTION_TEXT_SIM Field" Url="html/176d6c03-eb95-05d7-0adb-6eb9526aa3cd.htm" /><HelpTOCNode Title="ERR_MSG_SUCCESS Field" Url="html/d4704e1b-df16-74a4-1996-d34387547c8a.htm" /><HelpTOCNode Title="STR_ALG Field" Url="html/3bff8855-8707-7376-f27d-63326643ca27.htm" /><HelpTOCNode Title="STR_ALG_LCR Field" Url="html/3231a43d-1dc0-38e1-4a80-be23172221fd.htm" /><HelpTOCNode Title="STR_ALG_UNIQUE_K Field" Url="html/7913b6e3-42d1-83a2-cb2a-f8a060481a51.htm" /><HelpTOCNode Title="STR_DEFAULT_SAVE_FILE Field" Url="html/02e51689-e435-f0e5-dcb5-33ac350cd260.htm" /><HelpTOCNode Title="STR_DIR_CCW Field" Url="html/3365a2a1-f276-f9a9-2ea8-b03c13c1102e.htm" /><HelpTOCNode Title="STR_DIR_CW Field" Url="html/d07d836f-afdd-1f82-ca85-fab8e0351846.htm" /><HelpTOCNode Title="STR_FINISHED Field" Url="html/c55580d5-2bc9-ebec-6642-9bedeab803e4.htm" /><HelpTOCNode Title="STR_TEXT_SIM_TITLE Field" Url="html/8fa8cead-aafd-5752-0aeb-2bf80ac29ca0.htm" /><HelpTOCNode Title="STR_VISUAL_SIM_TITLE Field" Url="html/245d6222-bd11-4b47-5985-6630a521bd80.htm" /></HelpTOCNode>