﻿<?xml version="1.0" encoding="utf-8"?><HelpTOCNode Title="DistributedAlgorithmSimulator Methods" Url="html/d9ac88f6-a883-5d4f-3576-663d4a7c1d1d.htm"><HelpTOCNode Title="btnExit_Click Method " Url="html/8934db38-065e-86d7-d6b5-9579cce9a1f4.htm" /><HelpTOCNode Title="btnOpenFile_Click Method " Url="html/2257885a-76e3-06a7-c5aa-21954bee13b7.htm" /><HelpTOCNode Title="btnRead_Click Method " Url="html/3fd0a541-14c8-cf69-27c9-e454282f774b.htm" /><HelpTOCNode Title="btnRun_Click Method " Url="html/19970d96-dcb0-3aca-dc3b-9d731cabfcc2.htm" /><HelpTOCNode Title="CreateNetwork Method " Url="html/209028e6-b21b-4be6-c644-1099b13630dd.htm" /><HelpTOCNode Title="Initializations Method " Url="html/f3e96d78-b66e-1deb-a135-0bd662eb7609.htm" /><HelpTOCNode Title="InitializeComponent Method " Url="html/203fe87b-b7df-78c9-ca72-314bd1d8ba0f.htm" /><HelpTOCNode Title="LaunchSimulation Method " Url="html/830f7db4-98a5-8ed3-b09b-0417cb2fdf95.htm" /><HelpTOCNode Title="LoadAlgorithms Method " Url="html/1689ff54-630e-d053-0d6d-edb961e29538.htm" /><HelpTOCNode Title="rbInputIDs_CheckedChanged Method " Url="html/f744d49c-0023-1ee6-21c1-82923983cf7b.htm" /><HelpTOCNode Title="rbReadFromFile_CheckedChanged Method " Url="html/3f9f4851-a3d4-be36-d037-fb9445bc2c3f.htm" /><HelpTOCNode Title="SimulatorMain_Load Method " Url="html/95a722f5-60d1-88f7-b72a-5f1677b9ea65.htm" /></HelpTOCNode>