﻿<?xml version="1.0" encoding="utf-8"?><HelpTOCNode Title="LCRUtility Methods" Url="html/e3c84499-7692-9f86-3384-e3ffe75a96b1.htm"><HelpTOCNode Title="ErrorChecks Method " Url="html/71965785-6f5d-80a1-6528-2bd79e2bc3b6.htm" /><HelpTOCNode Title="FindK Method " Url="html/cf8ec180-0537-98f1-4a6b-87eaca8c8c81.htm" /><HelpTOCNode Title="GetStatus Method " Url="html/1910e3df-210e-d954-34f8-029ebb2ccc89.htm" /><HelpTOCNode Title="GetVariables Method " Url="html/b73f70d9-c5cb-9e2a-a56d-d7af5634765f.htm" /><HelpTOCNode Title="Initialize Method " Url="html/3dc96e6f-c25a-47ae-164d-ce422e22ed2f.htm" /><HelpTOCNode Title="IsFinished Method " Url="html/38b84da8-5780-0651-eb65-139b4a11a6f7.htm" /><HelpTOCNode Title="PrintList Method " Url="html/8713ac9c-9d89-169c-77c3-f6d2a69dc854.htm" /><HelpTOCNode Title="PrintStep Method " Url="html/92f44a77-d4c0-0f14-82c0-38c60ea66b88.htm" /></HelpTOCNode>