﻿<?xml version="1.0" encoding="utf-8"?>
<HelpKI>
  <HelpKINode Title="Active property">
    <HelpKINode Title="LCRNode.Active Property " Url="html/055a2af2-a124-039e-ae9b-7d1932be8c1e.htm" />
    <HelpKINode Title="UniqueKNode.Active Property " Url="html/0a12657b-2323-fa03-a80d-6545b58c1fbb.htm" />
  </HelpKINode>
  <HelpKINode Title="AddItem method" Url="html/bbf4416c-c5b0-3ad0-83db-5b57c0c58b4e.htm" />
  <HelpKINode Title="Algorithm enumeration" Url="html/bfae14b3-1df8-e228-0062-7156bf876dfb.htm" />
  <HelpKINode Title="btnExit_Click method">
    <HelpKINode Title="DistributedAlgorithmSimulator.btnExit_Click Method " Url="html/8934db38-065e-86d7-d6b5-9579cce9a1f4.htm" />
    <HelpKINode Title="TextualSimulator.btnExit_Click Method " Url="html/0bfc359d-2383-61e2-91b9-36c96f8f3100.htm" />
    <HelpKINode Title="VisualSimulator.btnExit_Click Method " Url="html/4d8ca7e6-2726-d403-67da-51b0db506db8.htm" />
  </HelpKINode>
  <HelpKINode Title="btnFirst_Clicked method" Url="html/c32b93ab-415d-b831-ab0f-40b2749a18a4.htm" />
  <HelpKINode Title="btnLast_Clicked method" Url="html/6e85a3f6-b67e-f3d5-a226-38ae4d5fbd03.htm" />
  <HelpKINode Title="btnNext_Clicked method" Url="html/83e520cf-5e5a-7958-2924-93df1cdb96a8.htm" />
  <HelpKINode Title="btnOpenFile_Click method" Url="html/2257885a-76e3-06a7-c5aa-21954bee13b7.htm" />
  <HelpKINode Title="btnPlayPause_Clicked method" Url="html/04673b25-17eb-bc5f-9832-a3e76c005ec7.htm" />
  <HelpKINode Title="btnPrev_Clicked method" Url="html/e1bdb93e-a46d-2f36-4ee1-6349963ef5fc.htm" />
  <HelpKINode Title="btnRead_Click method" Url="html/3fd0a541-14c8-cf69-27c9-e454282f774b.htm" />
  <HelpKINode Title="btnResetTextSim_Click method" Url="html/fbed782d-8db9-02b1-2bc6-2894e3a83f24.htm" />
  <HelpKINode Title="btnReset_Clicked method" Url="html/f2ba3c49-6c1a-8f01-cc8e-699a7deeaf27.htm" />
  <HelpKINode Title="btnRunTextSim_Click method" Url="html/3d9ac188-69ed-b2e6-e338-9af16a2f1e48.htm" />
  <HelpKINode Title="btnRun_Click method" Url="html/19970d96-dcb0-3aca-dc3b-9d731cabfcc2.htm" />
  <HelpKINode Title="btnSaveTextSim_Click method" Url="html/cd6d19a9-a38c-bb3d-8eda-37d00b254459.htm" />
  <HelpKINode Title="btnSaveToFile_Clicked method" Url="html/bde89574-aa52-d2a9-4aee-2c151181dd05.htm" />
  <HelpKINode Title="C property" Url="html/67602626-c62d-0436-8771-b1ef2aba0b63.htm" />
  <HelpKINode Title="CalculateRingProperties method" Url="html/2baf8bce-b001-69b9-ac9f-0f0ced345737.htm" />
  <HelpKINode Title="CAPTION_ERROR field" Url="html/85090610-abcb-7d34-7b07-34b61eacd70e.htm" />
  <HelpKINode Title="CAPTION_FILE_ERROR field" Url="html/05497d66-83ff-2a20-e87b-aed706b4fccc.htm" />
  <HelpKINode Title="CAPTION_FILE_WRITE field" Url="html/71ad4a97-d4d9-f23b-5393-b1de8eca31e8.htm" />
  <HelpKINode Title="CAPTION_INVALID_ID field" Url="html/4d5c60e5-ec59-6d28-e1a2-ab007d5f9414.htm" />
  <HelpKINode Title="CAPTION_TEXT_SIM field" Url="html/176d6c03-eb95-05d7-0adb-6eb9526aa3cd.htm" />
  <HelpKINode Title="CcwId property" Url="html/f8c43e94-1dae-a3b3-2d15-dd576b567ad3.htm" />
  <HelpKINode Title="CcwNeighbor property" Url="html/1bb7e235-91cd-857c-6093-271c041c4eea.htm" />
  <HelpKINode Title="chkBox_CheckedChanged method" Url="html/c7537848-e30d-7e2e-7a09-21b22c03f4b6.htm" />
  <HelpKINode Title="Common class">
    <HelpKINode Title="Common Class" Url="html/5d6443d2-7945-cad4-18d9-fb71dc4cad63.htm" />
    <HelpKINode Title="about Common class" Url="html/5d6443d2-7945-cad4-18d9-fb71dc4cad63.htm" />
    <HelpKINode Title="fields" Url="html/c8116d4c-913f-c2a0-1952-4025b00a6e72.htm" />
  </HelpKINode>
  <HelpKINode Title="Common.CAPTION_ERROR field" Url="html/85090610-abcb-7d34-7b07-34b61eacd70e.htm" />
  <HelpKINode Title="Common.CAPTION_FILE_ERROR field" Url="html/05497d66-83ff-2a20-e87b-aed706b4fccc.htm" />
  <HelpKINode Title="Common.CAPTION_FILE_WRITE field" Url="html/71ad4a97-d4d9-f23b-5393-b1de8eca31e8.htm" />
  <HelpKINode Title="Common.CAPTION_INVALID_ID field" Url="html/4d5c60e5-ec59-6d28-e1a2-ab007d5f9414.htm" />
  <HelpKINode Title="Common.CAPTION_TEXT_SIM field" Url="html/176d6c03-eb95-05d7-0adb-6eb9526aa3cd.htm" />
  <HelpKINode Title="Common.ERR_MSG_SUCCESS field" Url="html/d4704e1b-df16-74a4-1996-d34387547c8a.htm" />
  <HelpKINode Title="Common.STR_ALG field" Url="html/3bff8855-8707-7376-f27d-63326643ca27.htm" />
  <HelpKINode Title="Common.STR_ALG_LCR field" Url="html/3231a43d-1dc0-38e1-4a80-be23172221fd.htm" />
  <HelpKINode Title="Common.STR_ALG_UNIQUE_K field" Url="html/7913b6e3-42d1-83a2-cb2a-f8a060481a51.htm" />
  <HelpKINode Title="Common.STR_DEFAULT_SAVE_FILE field" Url="html/02e51689-e435-f0e5-dcb5-33ac350cd260.htm" />
  <HelpKINode Title="Common.STR_DIR_CCW field" Url="html/3365a2a1-f276-f9a9-2ea8-b03c13c1102e.htm" />
  <HelpKINode Title="Common.STR_DIR_CW field" Url="html/d07d836f-afdd-1f82-ca85-fab8e0351846.htm" />
  <HelpKINode Title="Common.STR_FINISHED field" Url="html/c55580d5-2bc9-ebec-6642-9bedeab803e4.htm" />
  <HelpKINode Title="Common.STR_TEXT_SIM_TITLE field" Url="html/8fa8cead-aafd-5752-0aeb-2bf80ac29ca0.htm" />
  <HelpKINode Title="Common.STR_VISUAL_SIM_TITLE field" Url="html/245d6222-bd11-4b47-5985-6630a521bd80.htm" />
  <HelpKINode Title="Count property" Url="html/07f1bfd9-39d1-855a-e05e-a69f3029941b.htm" />
  <HelpKINode Title="CreateDynamicControls method" Url="html/dd7cb46f-abe0-a4ff-e988-83648c0d306f.htm" />
  <HelpKINode Title="CreateNetwork method" Url="html/209028e6-b21b-4be6-c644-1099b13630dd.htm" />
  <HelpKINode Title="CwId property" Url="html/fbb0da98-ea44-145b-73ec-91c7be1e6716.htm" />
  <HelpKINode Title="CwNeighbor property" Url="html/919b7afc-5dff-4804-35f1-b2d44b772e37.htm" />
  <HelpKINode Title="DeepClone(Of T) method" Url="html/2a4d02a9-7232-b241-4d9f-c5f54978b717.htm" />
  <HelpKINode Title="DeepClone&lt;T&gt; method" Url="html/2a4d02a9-7232-b241-4d9f-c5f54978b717.htm" />
  <HelpKINode Title="DistributedAlgorithms namespace" Url="html/4b8c24c3-f115-bc5b-6b9f-b83599d0b72d.htm" />
  <HelpKINode Title="DistributedAlgorithms.LCRMsg class" Url="html/bea31957-9d1b-685c-060b-df2e61432446.htm" />
  <HelpKINode Title="DistributedAlgorithms.LCRNode class" Url="html/22c60800-7158-d7cc-37ae-29ecdf11f39c.htm" />
  <HelpKINode Title="DistributedAlgorithms.LCRUtility class" Url="html/92001041-a679-0cf4-1de6-7153ce8d3ec9.htm" />
  <HelpKINode Title="DistributedAlgorithms.UniqueKMsg class" Url="html/3f70dcad-ce6a-2048-f2d6-d073aaa62130.htm" />
  <HelpKINode Title="DistributedAlgorithms.UniqueKNode class" Url="html/35b6c6f0-e55b-ec76-fed6-191ab7ef32cf.htm" />
  <HelpKINode Title="DistributedAlgorithms.UniqueKUtility class" Url="html/68fbe031-fc46-45d7-3b8a-df065c0c22f6.htm" />
  <HelpKINode Title="DistributedAlgorithmSimulator class">
    <HelpKINode Title="DistributedAlgorithmSimulator Class" Url="html/0339951a-5aca-45f9-43b1-3fbd5c17fbdb.htm" />
    <HelpKINode Title="about DistributedAlgorithmSimulator class" Url="html/0339951a-5aca-45f9-43b1-3fbd5c17fbdb.htm" />
    <HelpKINode Title="constructor" Url="html/d774b20f-ccae-e954-f172-068b71889a79.htm" />
    <HelpKINode Title="constructor" Url="html/01067b8c-bdfd-8f36-af9e-e7145ca4ab07.htm" />
    <HelpKINode Title="methods" Url="html/d9ac88f6-a883-5d4f-3576-663d4a7c1d1d.htm" />
  </HelpKINode>
  <HelpKINode Title="DistributedAlgorithmSimulator namespace" Url="html/6c86eb03-33a5-2809-c62f-023d07445ec8.htm" />
  <HelpKINode Title="DistributedAlgorithmSimulator.Algorithm enumeration" Url="html/bfae14b3-1df8-e228-0062-7156bf876dfb.htm" />
  <HelpKINode Title="DistributedAlgorithmSimulator.btnExit_Click method" Url="html/8934db38-065e-86d7-d6b5-9579cce9a1f4.htm" />
  <HelpKINode Title="DistributedAlgorithmSimulator.btnOpenFile_Click method" Url="html/2257885a-76e3-06a7-c5aa-21954bee13b7.htm" />
  <HelpKINode Title="DistributedAlgorithmSimulator.btnRead_Click method" Url="html/3fd0a541-14c8-cf69-27c9-e454282f774b.htm" />
  <HelpKINode Title="DistributedAlgorithmSimulator.btnRun_Click method" Url="html/19970d96-dcb0-3aca-dc3b-9d731cabfcc2.htm" />
  <HelpKINode Title="DistributedAlgorithmSimulator.Common class" Url="html/5d6443d2-7945-cad4-18d9-fb71dc4cad63.htm" />
  <HelpKINode Title="DistributedAlgorithmSimulator.CreateNetwork method" Url="html/209028e6-b21b-4be6-c644-1099b13630dd.htm" />
  <HelpKINode Title="DistributedAlgorithmSimulator.DistributedAlgorithmSimulator class" Url="html/0339951a-5aca-45f9-43b1-3fbd5c17fbdb.htm" />
  <HelpKINode Title="DistributedAlgorithmSimulator.DistributedAlgorithmSimulator constructor">
    <HelpKINode Title="DistributedAlgorithmSimulator Constructor " Url="html/01067b8c-bdfd-8f36-af9e-e7145ca4ab07.htm" />
    <HelpKINode Title="DistributedAlgorithmSimulator Constructor " Url="html/d774b20f-ccae-e954-f172-068b71889a79.htm" />
  </HelpKINode>
  <HelpKINode Title="DistributedAlgorithmSimulator.ExtensionMethods class" Url="html/06fbd2bb-e5a0-53e9-6dd6-c35cec57557b.htm" />
  <HelpKINode Title="DistributedAlgorithmSimulator.FileOperations class" Url="html/266924ec-b9ed-85b5-1a63-d0bb671ca938.htm" />
  <HelpKINode Title="DistributedAlgorithmSimulator.History class" Url="html/29a3a8b0-2f2c-a7fb-bd67-8ebf1a95d059.htm" />
  <HelpKINode Title="DistributedAlgorithmSimulator.Initializations method" Url="html/f3e96d78-b66e-1deb-a135-0bd662eb7609.htm" />
  <HelpKINode Title="DistributedAlgorithmSimulator.InitializeComponent method" Url="html/203fe87b-b7df-78c9-ca72-314bd1d8ba0f.htm" />
  <HelpKINode Title="DistributedAlgorithmSimulator.LaunchSimulation method" Url="html/830f7db4-98a5-8ed3-b09b-0417cb2fdf95.htm" />
  <HelpKINode Title="DistributedAlgorithmSimulator.LoadAlgorithms method" Url="html/1689ff54-630e-d053-0d6d-edb961e29538.htm" />
  <HelpKINode Title="DistributedAlgorithmSimulator.NodeControl class" Url="html/2f551e3f-a2d5-646a-685e-2a08e129890f.htm" />
  <HelpKINode Title="DistributedAlgorithmSimulator.NodeInfoControl class" Url="html/b4eeff2a-50df-f0f2-d4f7-008f66a05e0c.htm" />
  <HelpKINode Title="DistributedAlgorithmSimulator.rbInputIDs_CheckedChanged method" Url="html/f744d49c-0023-1ee6-21c1-82923983cf7b.htm" />
  <HelpKINode Title="DistributedAlgorithmSimulator.rbReadFromFile_CheckedChanged method" Url="html/3f9f4851-a3d4-be36-d037-fb9445bc2c3f.htm" />
  <HelpKINode Title="DistributedAlgorithmSimulator.SimulatorMain_Load method" Url="html/95a722f5-60d1-88f7-b72a-5f1677b9ea65.htm" />
  <HelpKINode Title="DistributedAlgorithmSimulator.TextualSimulator class" Url="html/efe84677-c536-a479-2203-1dc085a35a97.htm" />
  <HelpKINode Title="DistributedAlgorithmSimulator.VisualSimulator class" Url="html/b68a043c-f957-8c6b-7adf-0e59a730ca1f.htm" />
  <HelpKINode Title="DrawCircle method" Url="html/73a4da2f-144c-bbcd-903d-9d10ab294867.htm" />
  <HelpKINode Title="DrawNodes method" Url="html/294e17db-7a6f-6138-2dca-c7891e7998c5.htm" />
  <HelpKINode Title="ErrorChecks method">
    <HelpKINode Title="LCRUtility.ErrorChecks Method " Url="html/71965785-6f5d-80a1-6528-2bd79e2bc3b6.htm" />
    <HelpKINode Title="UniqueKUtility.ErrorChecks Method " Url="html/fb620a3b-cf23-cb2d-865f-978a289e83ae.htm" />
    <HelpKINode Title="Utility.ErrorChecks Method " Url="html/1c3559f1-a496-15d9-3048-6fa9d2fc634f.htm" />
  </HelpKINode>
  <HelpKINode Title="ERR_MSG_SUCCESS field">
    <HelpKINode Title="Common.ERR_MSG_SUCCESS Field" Url="html/d4704e1b-df16-74a4-1996-d34387547c8a.htm" />
    <HelpKINode Title="Utility.ERR_MSG_SUCCESS Field" Url="html/194bfc8e-6450-a116-2575-e44a51698359.htm" />
  </HelpKINode>
  <HelpKINode Title="ExtensionMethods class">
    <HelpKINode Title="ExtensionMethods Class" Url="html/06fbd2bb-e5a0-53e9-6dd6-c35cec57557b.htm" />
    <HelpKINode Title="about ExtensionMethods class" Url="html/06fbd2bb-e5a0-53e9-6dd6-c35cec57557b.htm" />
    <HelpKINode Title="methods" Url="html/9b566952-559c-9ea4-e3fd-e3dffc8460d8.htm" />
  </HelpKINode>
  <HelpKINode Title="ExtensionMethods.DeepClone(Of T) method" Url="html/2a4d02a9-7232-b241-4d9f-c5f54978b717.htm" />
  <HelpKINode Title="ExtensionMethods.DeepClone&lt;T&gt; method" Url="html/2a4d02a9-7232-b241-4d9f-c5f54978b717.htm" />
  <HelpKINode Title="ExtensionMethods.DrawCircle method" Url="html/73a4da2f-144c-bbcd-903d-9d10ab294867.htm" />
  <HelpKINode Title="ExtensionMethods.SetHighQuality method" Url="html/cdd42d5d-674f-92a7-9990-ead3452e0523.htm" />
  <HelpKINode Title="FileOperations class">
    <HelpKINode Title="FileOperations Class" Url="html/266924ec-b9ed-85b5-1a63-d0bb671ca938.htm" />
    <HelpKINode Title="about FileOperations class" Url="html/266924ec-b9ed-85b5-1a63-d0bb671ca938.htm" />
    <HelpKINode Title="methods" Url="html/e657e853-83b6-b23a-4c10-1379d69aaff1.htm" />
  </HelpKINode>
  <HelpKINode Title="FileOperations.ReadCSVFile method" Url="html/56789076-330f-bf9e-05e5-4e292de5013c.htm" />
  <HelpKINode Title="FileOperations.SaveToFile method" Url="html/a8999769-aaa1-cd2c-3194-602b7f91785d.htm" />
  <HelpKINode Title="FillInfoList method" Url="html/10752849-de86-8a0b-b840-4bb218334385.htm" />
  <HelpKINode Title="FindK method">
    <HelpKINode Title="LCRUtility.FindK Method " Url="html/cf8ec180-0537-98f1-4a6b-87eaca8c8c81.htm" />
    <HelpKINode Title="UniqueKUtility.FindK Method " Url="html/bc5dd18d-6b13-3830-d6d1-c2b065d41fd4.htm" />
  </HelpKINode>
  <HelpKINode Title="gbSimulation_Paint method" Url="html/bf2e9bd7-f383-fe5d-5dc5-5bde68312580.htm" />
  <HelpKINode Title="GetStatus method">
    <HelpKINode Title="LCRUtility.GetStatus Method " Url="html/1910e3df-210e-d954-34f8-029ebb2ccc89.htm" />
    <HelpKINode Title="UniqueKUtility.GetStatus Method " Url="html/ee4921f4-252b-508d-1827-d0c312afb71f.htm" />
    <HelpKINode Title="Utility.GetStatus Method " Url="html/7593c050-8be8-f6b3-3cc1-86c11bc6126d.htm" />
  </HelpKINode>
  <HelpKINode Title="GetVariables method">
    <HelpKINode Title="LCRUtility.GetVariables Method " Url="html/b73f70d9-c5cb-9e2a-a56d-d7af5634765f.htm" />
    <HelpKINode Title="UniqueKUtility.GetVariables Method " Url="html/410beafb-b762-9269-501c-9c01282bb3b2.htm" />
    <HelpKINode Title="Utility.GetVariables Method " Url="html/2f497846-934e-b8cf-1555-2a6deb3aee42.htm" />
  </HelpKINode>
  <HelpKINode Title="History class">
    <HelpKINode Title="History Class" Url="html/29a3a8b0-2f2c-a7fb-bd67-8ebf1a95d059.htm" />
    <HelpKINode Title="about History class" Url="html/29a3a8b0-2f2c-a7fb-bd67-8ebf1a95d059.htm" />
    <HelpKINode Title="constructor" Url="html/18adc5ba-739a-8ce9-f2b2-ce43a533a92c.htm" />
    <HelpKINode Title="properties" Url="html/505b51bb-8930-162c-b99d-86b49573d4cf.htm" />
  </HelpKINode>
  <HelpKINode Title="History.History constructor" Url="html/18adc5ba-739a-8ce9-f2b2-ce43a533a92c.htm" />
  <HelpKINode Title="History.RoundNum property" Url="html/86b20dce-b852-69d7-5916-c4574358550f.htm" />
  <HelpKINode Title="History.RoundSteps property" Url="html/d9485572-444f-c835-18a6-1b5f47d01377.htm" />
  <HelpKINode Title="History.StateList property" Url="html/f8207dbc-f381-31aa-a7a7-68fc64810e14.htm" />
  <HelpKINode Title="History.TotalSteps property" Url="html/15d9cec4-f9f0-c5e1-7ad4-ddd97c6ae863.htm" />
  <HelpKINode Title="Init property">
    <HelpKINode Title="LCRNode.Init Property " Url="html/3a18ada6-ba44-ac40-b735-72468207fa3b.htm" />
    <HelpKINode Title="UniqueKNode.Init Property " Url="html/33965665-ac2b-9e48-7708-615ce2e96619.htm" />
  </HelpKINode>
  <HelpKINode Title="Initializations method" Url="html/f3e96d78-b66e-1deb-a135-0bd662eb7609.htm" />
  <HelpKINode Title="Initialize method">
    <HelpKINode Title="LCRUtility.Initialize Method " Url="html/3dc96e6f-c25a-47ae-164d-ce422e22ed2f.htm" />
    <HelpKINode Title="UniqueKUtility.Initialize Method " Url="html/6800aa0d-e5bf-f57c-093a-34f826aef410.htm" />
    <HelpKINode Title="Utility.Initialize Method " Url="html/9fc37b6a-7355-f6ca-034b-0e50c285c533.htm" />
  </HelpKINode>
  <HelpKINode Title="InitializeComponent method">
    <HelpKINode Title="DistributedAlgorithmSimulator.InitializeComponent Method " Url="html/203fe87b-b7df-78c9-ca72-314bd1d8ba0f.htm" />
    <HelpKINode Title="TextualSimulator.InitializeComponent Method " Url="html/84c27768-03da-85a7-9e30-2028b81e2548.htm" />
    <HelpKINode Title="VisualSimulator.InitializeComponent Method " Url="html/1a9ec291-2861-36ea-e2fc-8549fbe8a05d.htm" />
  </HelpKINode>
  <HelpKINode Title="IsFinished method">
    <HelpKINode Title="LCRUtility.IsFinished Method " Url="html/38b84da8-5780-0651-eb65-139b4a11a6f7.htm" />
    <HelpKINode Title="UniqueKUtility.IsFinished Method " Url="html/d2db4187-5cfe-22d4-34c7-db33bcb43d6a.htm" />
    <HelpKINode Title="Utility.IsFinished Method " Url="html/49850dcb-03e0-eafb-a54c-380c556b8c1e.htm" />
  </HelpKINode>
  <HelpKINode Title="IsLeader property">
    <HelpKINode Title="LCRNode.IsLeader Property " Url="html/f07d3e29-47ef-cdb5-0a51-3cad0d7848f4.htm" />
    <HelpKINode Title="UniqueKNode.IsLeader Property " Url="html/1990db2a-a1ff-2e5a-7af4-981bb84a7c42.htm" />
  </HelpKINode>
  <HelpKINode Title="Item structure">
    <HelpKINode Title="properties" Url="html/dcb7c36c-467e-25c3-9077-2ec5c0301317.htm" />
  </HelpKINode>
  <HelpKINode Title="ItemList property" Url="html/48995415-1081-b39a-ca79-e77309d8d0e1.htm" />
  <HelpKINode Title="ItemName property" Url="html/881e9bcb-8db5-406d-72a3-a6846d88d603.htm" />
  <HelpKINode Title="ItemValue property" Url="html/6d89d4b8-8991-ffc4-7003-865abc93a43f.htm" />
  <HelpKINode Title="K property" Url="html/47d536ea-7cbf-9dd4-773a-9fe65610be1f.htm" />
  <HelpKINode Title="LaunchSimulation method" Url="html/830f7db4-98a5-8ed3-b09b-0417cb2fdf95.htm" />
  <HelpKINode Title="LCR enumeration member" Url="html/bfae14b3-1df8-e228-0062-7156bf876dfb.htm" />
  <HelpKINode Title="LCRMsg class">
    <HelpKINode Title="LCRMsg Class" Url="html/bea31957-9d1b-685c-060b-df2e61432446.htm" />
    <HelpKINode Title="about LCRMsg class" Url="html/bea31957-9d1b-685c-060b-df2e61432446.htm" />
    <HelpKINode Title="constructor" Url="html/def097ff-cc6c-1542-660b-aea42f2a70d2.htm" />
    <HelpKINode Title="properties" Url="html/3a42c79e-41f8-7ca8-7540-ad173497833b.htm" />
  </HelpKINode>
  <HelpKINode Title="LCRMsg.LCRMsg constructor" Url="html/def097ff-cc6c-1542-660b-aea42f2a70d2.htm" />
  <HelpKINode Title="LCRMsg.SP property" Url="html/4a9efcc4-85b8-0a10-c7fd-52e56b40b9ae.htm" />
  <HelpKINode Title="LCRMsg.UID property" Url="html/1340dcd1-a47a-5ced-9c69-759e041b5d0d.htm" />
  <HelpKINode Title="LCRNode class">
    <HelpKINode Title="LCRNode Class" Url="html/22c60800-7158-d7cc-37ae-29ecdf11f39c.htm" />
    <HelpKINode Title="about LCRNode class" Url="html/22c60800-7158-d7cc-37ae-29ecdf11f39c.htm" />
    <HelpKINode Title="constructor" Url="html/ea61eb8c-8e82-3b66-8169-c235a9fa4aca.htm" />
    <HelpKINode Title="methods" Url="html/ef5d3170-4629-bc17-c4b7-89234217b3e0.htm" />
    <HelpKINode Title="properties" Url="html/d0072339-e6b5-cb4f-80d3-639f250e6edb.htm" />
  </HelpKINode>
  <HelpKINode Title="LCRNode.Active property" Url="html/055a2af2-a124-039e-ae9b-7d1932be8c1e.htm" />
  <HelpKINode Title="LCRNode.Init property" Url="html/3a18ada6-ba44-ac40-b735-72468207fa3b.htm" />
  <HelpKINode Title="LCRNode.IsLeader property" Url="html/f07d3e29-47ef-cdb5-0a51-3cad0d7848f4.htm" />
  <HelpKINode Title="LCRNode.LCRNode constructor" Url="html/ea61eb8c-8e82-3b66-8169-c235a9fa4aca.htm" />
  <HelpKINode Title="LCRNode.Leader property" Url="html/c27243a9-4fa2-0584-d882-db61af8d40f1.htm" />
  <HelpKINode Title="LCRNode.LeaderElected property" Url="html/449c75de-4ab2-40e0-5735-ecee667f1a9c.htm" />
  <HelpKINode Title="LCRNode.NOMESSAGE property" Url="html/348d8815-b698-f977-4cea-18a4bc9aeddd.htm" />
  <HelpKINode Title="LCRNode.TimeTick method" Url="html/cbeee94d-40c3-d0cd-9df8-d39ade7ae2a2.htm" />
  <HelpKINode Title="LCRUtility class">
    <HelpKINode Title="LCRUtility Class" Url="html/92001041-a679-0cf4-1de6-7153ce8d3ec9.htm" />
    <HelpKINode Title="about LCRUtility class" Url="html/92001041-a679-0cf4-1de6-7153ce8d3ec9.htm" />
    <HelpKINode Title="constructor" Url="html/2ef472c0-308b-7164-59e3-9d52a2cca8f7.htm" />
    <HelpKINode Title="methods" Url="html/e3c84499-7692-9f86-3384-e3ffe75a96b1.htm" />
  </HelpKINode>
  <HelpKINode Title="LCRUtility.ErrorChecks method" Url="html/71965785-6f5d-80a1-6528-2bd79e2bc3b6.htm" />
  <HelpKINode Title="LCRUtility.FindK method" Url="html/cf8ec180-0537-98f1-4a6b-87eaca8c8c81.htm" />
  <HelpKINode Title="LCRUtility.GetStatus method" Url="html/1910e3df-210e-d954-34f8-029ebb2ccc89.htm" />
  <HelpKINode Title="LCRUtility.GetVariables method" Url="html/b73f70d9-c5cb-9e2a-a56d-d7af5634765f.htm" />
  <HelpKINode Title="LCRUtility.Initialize method" Url="html/3dc96e6f-c25a-47ae-164d-ce422e22ed2f.htm" />
  <HelpKINode Title="LCRUtility.IsFinished method" Url="html/38b84da8-5780-0651-eb65-139b4a11a6f7.htm" />
  <HelpKINode Title="LCRUtility.LCRUtility constructor" Url="html/2ef472c0-308b-7164-59e3-9d52a2cca8f7.htm" />
  <HelpKINode Title="LCRUtility.PrintList method" Url="html/8713ac9c-9d89-169c-77c3-f6d2a69dc854.htm" />
  <HelpKINode Title="LCRUtility.PrintStep method" Url="html/92f44a77-d4c0-0f14-82c0-38c60ea66b88.htm" />
  <HelpKINode Title="Leader property">
    <HelpKINode Title="LCRNode.Leader Property " Url="html/c27243a9-4fa2-0584-d882-db61af8d40f1.htm" />
    <HelpKINode Title="UniqueKNode.Leader Property " Url="html/345a146f-5267-d824-8888-d494b57afcb9.htm" />
  </HelpKINode>
  <HelpKINode Title="LeaderElected property">
    <HelpKINode Title="LCRNode.LeaderElected Property " Url="html/449c75de-4ab2-40e0-5735-ecee667f1a9c.htm" />
    <HelpKINode Title="UniqueKNode.LeaderElected Property " Url="html/4c63ef2f-308a-5709-bdc8-cf722938c5ac.htm" />
  </HelpKINode>
  <HelpKINode Title="LinkId property">
    <HelpKINode Title="Node.LinkId Property " Url="html/bd96a923-f630-ac2c-5c00-515b318d00a1.htm" />
    <HelpKINode Title="NodeState.LinkId Property " Url="html/66199610-c778-56bd-8c7c-07ac6cc7fa91.htm" />
  </HelpKINode>
  <HelpKINode Title="LoadAlgorithms method" Url="html/1689ff54-630e-d053-0d6d-edb961e29538.htm" />
  <HelpKINode Title="Message class">
    <HelpKINode Title="Message Class" Url="html/9472f1fa-5b01-ebf1-4832-27eb5a65dbcc.htm" />
    <HelpKINode Title="about Message class" Url="html/9472f1fa-5b01-ebf1-4832-27eb5a65dbcc.htm" />
  </HelpKINode>
  <HelpKINode Title="NOCOUNT property" Url="html/11137e2f-6e6b-1f89-2565-a3f5f66dbb27.htm" />
  <HelpKINode Title="Node class">
    <HelpKINode Title="Node Class" Url="html/8952b09e-b7a7-7a91-7517-286bd8ee7332.htm" />
    <HelpKINode Title="about Node class" Url="html/8952b09e-b7a7-7a91-7517-286bd8ee7332.htm" />
    <HelpKINode Title="methods" Url="html/2bbb3e8e-31c1-95de-cc52-89d876c7f4bd.htm" />
    <HelpKINode Title="properties" Url="html/5bde0a1b-c51c-1d78-6022-7232c2dfaa93.htm" />
  </HelpKINode>
  <HelpKINode Title="Node.CcwNeighbor property" Url="html/1bb7e235-91cd-857c-6093-271c041c4eea.htm" />
  <HelpKINode Title="Node.CwNeighbor property" Url="html/919b7afc-5dff-4804-35f1-b2d44b772e37.htm" />
  <HelpKINode Title="Node.LinkId property" Url="html/bd96a923-f630-ac2c-5c00-515b318d00a1.htm" />
  <HelpKINode Title="Node.RcvdMsg property" Url="html/174c266a-80e5-2321-a923-7b1a77bc2709.htm" />
  <HelpKINode Title="Node.SentMsg property" Url="html/084cd31e-0719-2863-b94a-7c74c9ffdfc4.htm" />
  <HelpKINode Title="Node.TimeTick method" Url="html/379b466d-2940-922a-190a-5571aa43808e.htm" />
  <HelpKINode Title="Node.UID property" Url="html/d597cbf3-c1aa-daea-5282-744ab0910f6e.htm" />
  <HelpKINode Title="NodeControl class">
    <HelpKINode Title="NodeControl Class" Url="html/2f551e3f-a2d5-646a-685e-2a08e129890f.htm" />
    <HelpKINode Title="about NodeControl class" Url="html/2f551e3f-a2d5-646a-685e-2a08e129890f.htm" />
    <HelpKINode Title="constructor" Url="html/1a525f0a-1e5b-93ea-827b-c933bc1a81c5.htm" />
    <HelpKINode Title="methods" Url="html/c35924c5-b2fd-3d57-a054-4913496ce4e3.htm" />
  </HelpKINode>
  <HelpKINode Title="NodeControl.NodeControl constructor" Url="html/1a525f0a-1e5b-93ea-827b-c933bc1a81c5.htm" />
  <HelpKINode Title="NodeControl.SetNodeColor method" Url="html/9cb3f234-3e81-ad00-42e8-b01d69d1ca8f.htm" />
  <HelpKINode Title="NodeControl.SetTextColor method" Url="html/f120e81c-43d2-624c-96a4-84f3796c685f.htm" />
  <HelpKINode Title="NodeInfoControl class">
    <HelpKINode Title="NodeInfoControl Class" Url="html/b4eeff2a-50df-f0f2-d4f7-008f66a05e0c.htm" />
    <HelpKINode Title="about NodeInfoControl class" Url="html/b4eeff2a-50df-f0f2-d4f7-008f66a05e0c.htm" />
    <HelpKINode Title="constructor" Url="html/882c68da-a7b4-741d-bdc6-c465474623d4.htm" />
  </HelpKINode>
  <HelpKINode Title="NodeInfoControl.NodeInfoControl constructor" Url="html/882c68da-a7b4-741d-bdc6-c465474623d4.htm" />
  <HelpKINode Title="NodeState class">
    <HelpKINode Title="NodeState Class" Url="html/d299e269-b01a-8627-a132-b2cd3e5bbd34.htm" />
    <HelpKINode Title="about NodeState class" Url="html/d299e269-b01a-8627-a132-b2cd3e5bbd34.htm" />
    <HelpKINode Title="constructor" Url="html/99ea6511-99e3-2ff3-b582-7eef42b1c0d4.htm" />
    <HelpKINode Title="methods" Url="html/5404e6e8-f71d-204f-fc28-c442773a0cf5.htm" />
    <HelpKINode Title="properties" Url="html/1b790976-ea57-a6e7-561c-796d44806ed4.htm" />
  </HelpKINode>
  <HelpKINode Title="NodeState.AddItem method" Url="html/bbf4416c-c5b0-3ad0-83db-5b57c0c58b4e.htm" />
  <HelpKINode Title="NodeState.CcwId property" Url="html/f8c43e94-1dae-a3b3-2d15-dd576b567ad3.htm" />
  <HelpKINode Title="NodeState.CwId property" Url="html/fbb0da98-ea44-145b-73ec-91c7be1e6716.htm" />
  <HelpKINode Title="NodeState.Item structure">
    <HelpKINode Title="NodeState.Item Structure" Url="html/e57d2d70-56e2-bc7b-9c3a-5922fae079aa.htm" />
    <HelpKINode Title="about NodeState.Item structure" Url="html/e57d2d70-56e2-bc7b-9c3a-5922fae079aa.htm" />
  </HelpKINode>
  <HelpKINode Title="NodeState.Item.ItemName property" Url="html/881e9bcb-8db5-406d-72a3-a6846d88d603.htm" />
  <HelpKINode Title="NodeState.Item.ItemValue property" Url="html/6d89d4b8-8991-ffc4-7003-865abc93a43f.htm" />
  <HelpKINode Title="NodeState.ItemList property" Url="html/48995415-1081-b39a-ca79-e77309d8d0e1.htm" />
  <HelpKINode Title="NodeState.LinkId property" Url="html/66199610-c778-56bd-8c7c-07ac6cc7fa91.htm" />
  <HelpKINode Title="NodeState.NodeState constructor" Url="html/99ea6511-99e3-2ff3-b582-7eef42b1c0d4.htm" />
  <HelpKINode Title="NOMESSAGE property">
    <HelpKINode Title="LCRNode.NOMESSAGE Property " Url="html/348d8815-b698-f977-4cea-18a4bc9aeddd.htm" />
    <HelpKINode Title="UniqueKNode.NOMESSAGE Property " Url="html/e20584af-bfd0-1338-6067-bfae1aa80386.htm" />
  </HelpKINode>
  <HelpKINode Title="numUpDownSpeed_ValueChanged method">
    <HelpKINode Title="TextualSimulator.numUpDownSpeed_ValueChanged Method " Url="html/130d56b4-f696-167a-2355-9cd1804f8b34.htm" />
    <HelpKINode Title="VisualSimulator.numUpDownSpeed_ValueChanged Method " Url="html/b97bef8b-2e89-d952-0346-d406f41a5f98.htm" />
  </HelpKINode>
  <HelpKINode Title="PrintList method">
    <HelpKINode Title="LCRUtility.PrintList Method " Url="html/8713ac9c-9d89-169c-77c3-f6d2a69dc854.htm" />
    <HelpKINode Title="UniqueKUtility.PrintList Method " Url="html/1f9e728d-04a0-333b-4ca1-6b3c3e0f1e7e.htm" />
    <HelpKINode Title="Utility.PrintList Method " Url="html/4dee8270-5b1a-d77d-c3c0-7dc4973f0f9e.htm" />
  </HelpKINode>
  <HelpKINode Title="PrintStep method">
    <HelpKINode Title="LCRUtility.PrintStep Method " Url="html/92f44a77-d4c0-0f14-82c0-38c60ea66b88.htm" />
    <HelpKINode Title="UniqueKUtility.PrintStep Method " Url="html/2f334181-5bbf-f47d-5299-7a9ea581fd7f.htm" />
    <HelpKINode Title="Utility.PrintStep Method " Url="html/8a8ae9f1-2990-0199-2ade-405fb55cc553.htm" />
  </HelpKINode>
  <HelpKINode Title="rbInputIDs_CheckedChanged method" Url="html/f744d49c-0023-1ee6-21c1-82923983cf7b.htm" />
  <HelpKINode Title="rbReadFromFile_CheckedChanged method" Url="html/3f9f4851-a3d4-be36-d037-fb9445bc2c3f.htm" />
  <HelpKINode Title="RcvdMsg property" Url="html/174c266a-80e5-2321-a923-7b1a77bc2709.htm" />
  <HelpKINode Title="ReadCSVFile method" Url="html/56789076-330f-bf9e-05e5-4e292de5013c.htm" />
  <HelpKINode Title="RefreshSimulator method" Url="html/7c55996e-c416-ad1b-4eb3-c8dfb3635dc0.htm" />
  <HelpKINode Title="Reset method" Url="html/60ce957a-1cbf-8c39-a1e3-c2f661e74460.htm" />
  <HelpKINode Title="RoundNum property" Url="html/86b20dce-b852-69d7-5916-c4574358550f.htm" />
  <HelpKINode Title="RoundSteps property" Url="html/d9485572-444f-c835-18a6-1b5f47d01377.htm" />
  <HelpKINode Title="SaveData method" Url="html/879eb692-6141-e544-274d-bb5a589ee76a.htm" />
  <HelpKINode Title="SaveToFile method" Url="html/a8999769-aaa1-cd2c-3194-602b7f91785d.htm" />
  <HelpKINode Title="SentMsg property" Url="html/084cd31e-0719-2863-b94a-7c74c9ffdfc4.htm" />
  <HelpKINode Title="SetCheckStatus method" Url="html/f1dc921a-3182-a972-cb6f-c044a03d462a.htm" />
  <HelpKINode Title="SetCouners method" Url="html/4dcff451-53c3-88cf-b7d8-91ffd793e1e5.htm" />
  <HelpKINode Title="SetHighQuality method" Url="html/cdd42d5d-674f-92a7-9990-ead3452e0523.htm" />
  <HelpKINode Title="SetNodeColor method" Url="html/9cb3f234-3e81-ad00-42e8-b01d69d1ca8f.htm" />
  <HelpKINode Title="SetStatusOfPlaybackButtons method" Url="html/d8928933-b637-6e18-c18e-9059a42dcbf1.htm" />
  <HelpKINode Title="SetTextColor method" Url="html/f120e81c-43d2-624c-96a4-84f3796c685f.htm" />
  <HelpKINode Title="SimulatorMain_Load method" Url="html/95a722f5-60d1-88f7-b72a-5f1677b9ea65.htm" />
  <HelpKINode Title="SP property" Url="html/4a9efcc4-85b8-0a10-c7fd-52e56b40b9ae.htm" />
  <HelpKINode Title="StateList property" Url="html/f8207dbc-f381-31aa-a7a7-68fc64810e14.htm" />
  <HelpKINode Title="STR_ALG field" Url="html/3bff8855-8707-7376-f27d-63326643ca27.htm" />
  <HelpKINode Title="STR_ALG_LCR field" Url="html/3231a43d-1dc0-38e1-4a80-be23172221fd.htm" />
  <HelpKINode Title="STR_ALG_UNIQUE_K field" Url="html/7913b6e3-42d1-83a2-cb2a-f8a060481a51.htm" />
  <HelpKINode Title="STR_DEFAULT_SAVE_FILE field" Url="html/02e51689-e435-f0e5-dcb5-33ac350cd260.htm" />
  <HelpKINode Title="STR_DIR_CCW field" Url="html/3365a2a1-f276-f9a9-2ea8-b03c13c1102e.htm" />
  <HelpKINode Title="STR_DIR_CW field" Url="html/d07d836f-afdd-1f82-ca85-fab8e0351846.htm" />
  <HelpKINode Title="STR_FINISHED field" Url="html/c55580d5-2bc9-ebec-6642-9bedeab803e4.htm" />
  <HelpKINode Title="STR_TEXT_SIM_TITLE field" Url="html/8fa8cead-aafd-5752-0aeb-2bf80ac29ca0.htm" />
  <HelpKINode Title="STR_VISUAL_SIM_TITLE field" Url="html/245d6222-bd11-4b47-5985-6630a521bd80.htm" />
  <HelpKINode Title="TextualSimulator class">
    <HelpKINode Title="TextualSimulator Class" Url="html/efe84677-c536-a479-2203-1dc085a35a97.htm" />
    <HelpKINode Title="about TextualSimulator class" Url="html/efe84677-c536-a479-2203-1dc085a35a97.htm" />
    <HelpKINode Title="constructor" Url="html/6b347c89-983c-7742-4301-17e5678764ed.htm" />
    <HelpKINode Title="constructor" Url="html/38dd77dc-73ef-5b8e-77a6-aeecbb269a99.htm" />
    <HelpKINode Title="methods" Url="html/2057beb6-9e42-3083-365d-9c670d6fc5a0.htm" />
  </HelpKINode>
  <HelpKINode Title="TextualSimulator.btnExit_Click method" Url="html/0bfc359d-2383-61e2-91b9-36c96f8f3100.htm" />
  <HelpKINode Title="TextualSimulator.btnResetTextSim_Click method" Url="html/fbed782d-8db9-02b1-2bc6-2894e3a83f24.htm" />
  <HelpKINode Title="TextualSimulator.btnRunTextSim_Click method" Url="html/3d9ac188-69ed-b2e6-e338-9af16a2f1e48.htm" />
  <HelpKINode Title="TextualSimulator.btnSaveTextSim_Click method" Url="html/cd6d19a9-a38c-bb3d-8eda-37d00b254459.htm" />
  <HelpKINode Title="TextualSimulator.InitializeComponent method" Url="html/84c27768-03da-85a7-9e30-2028b81e2548.htm" />
  <HelpKINode Title="TextualSimulator.numUpDownSpeed_ValueChanged method" Url="html/130d56b4-f696-167a-2355-9cd1804f8b34.htm" />
  <HelpKINode Title="TextualSimulator.Reset method" Url="html/60ce957a-1cbf-8c39-a1e3-c2f661e74460.htm" />
  <HelpKINode Title="TextualSimulator.TextualSimulator constructor">
    <HelpKINode Title="TextualSimulator Constructor " Url="html/6b347c89-983c-7742-4301-17e5678764ed.htm" />
    <HelpKINode Title="TextualSimulator Constructor " Url="html/38dd77dc-73ef-5b8e-77a6-aeecbb269a99.htm" />
  </HelpKINode>
  <HelpKINode Title="TextualSimulator.TimerCallback method" Url="html/2df424b5-e1c9-b62b-9fd2-69c7bb030ccd.htm" />
  <HelpKINode Title="TextualSimulator.ToggleRunPause method" Url="html/984ccc37-6567-2970-3ea8-01a68544395d.htm" />
  <HelpKINode Title="TimerCallback method">
    <HelpKINode Title="TextualSimulator.TimerCallback Method " Url="html/2df424b5-e1c9-b62b-9fd2-69c7bb030ccd.htm" />
    <HelpKINode Title="VisualSimulator.TimerCallback Method " Url="html/9b765f02-9b00-4d47-61d7-61daa5136a2e.htm" />
  </HelpKINode>
  <HelpKINode Title="TimeTick method">
    <HelpKINode Title="LCRNode.TimeTick Method " Url="html/cbeee94d-40c3-d0cd-9df8-d39ade7ae2a2.htm" />
    <HelpKINode Title="Node.TimeTick Method " Url="html/379b466d-2940-922a-190a-5571aa43808e.htm" />
    <HelpKINode Title="UniqueKNode.TimeTick Method " Url="html/578da32b-1ef3-6bfe-7e4b-97a6d7db3a72.htm" />
  </HelpKINode>
  <HelpKINode Title="ToggleRunPause method" Url="html/984ccc37-6567-2970-3ea8-01a68544395d.htm" />
  <HelpKINode Title="TotalSteps property" Url="html/15d9cec4-f9f0-c5e1-7ad4-ddd97c6ae863.htm" />
  <HelpKINode Title="UID property">
    <HelpKINode Title="LCRMsg.UID Property " Url="html/1340dcd1-a47a-5ced-9c69-759e041b5d0d.htm" />
    <HelpKINode Title="Node.UID Property " Url="html/d597cbf3-c1aa-daea-5282-744ab0910f6e.htm" />
  </HelpKINode>
  <HelpKINode Title="UNDEFINED property" Url="html/4d42cbc0-255e-b859-021f-bb6be9b0c1a4.htm" />
  <HelpKINode Title="UniqueK enumeration member" Url="html/bfae14b3-1df8-e228-0062-7156bf876dfb.htm" />
  <HelpKINode Title="UniqueKMsg class">
    <HelpKINode Title="UniqueKMsg Class" Url="html/3f70dcad-ce6a-2048-f2d6-d073aaa62130.htm" />
    <HelpKINode Title="about UniqueKMsg class" Url="html/3f70dcad-ce6a-2048-f2d6-d073aaa62130.htm" />
    <HelpKINode Title="constructor" Url="html/d375f073-8683-f33f-7ee6-abbdfc1dc23e.htm" />
    <HelpKINode Title="properties" Url="html/435b04b1-fc1f-c8c6-3998-1a2fb86bb2f7.htm" />
  </HelpKINode>
  <HelpKINode Title="UniqueKMsg.C property" Url="html/67602626-c62d-0436-8771-b1ef2aba0b63.htm" />
  <HelpKINode Title="UniqueKMsg.UniqueKMsg constructor" Url="html/d375f073-8683-f33f-7ee6-abbdfc1dc23e.htm" />
  <HelpKINode Title="UniqueKMsg.X property" Url="html/ae070a61-f4de-f3c1-15b9-b06c46c8ef13.htm" />
  <HelpKINode Title="UniqueKNode class">
    <HelpKINode Title="UniqueKNode Class" Url="html/35b6c6f0-e55b-ec76-fed6-191ab7ef32cf.htm" />
    <HelpKINode Title="about UniqueKNode class" Url="html/35b6c6f0-e55b-ec76-fed6-191ab7ef32cf.htm" />
    <HelpKINode Title="constructor" Url="html/5385e119-348b-ffb9-eb20-2f4c6e911523.htm" />
    <HelpKINode Title="methods" Url="html/e188c78a-9333-0d90-9e50-da6a8997582d.htm" />
    <HelpKINode Title="properties" Url="html/60eb5e4a-f8c3-2806-3055-baa8c3b6fe5e.htm" />
  </HelpKINode>
  <HelpKINode Title="UniqueKNode.Active property" Url="html/0a12657b-2323-fa03-a80d-6545b58c1fbb.htm" />
  <HelpKINode Title="UniqueKNode.Count property" Url="html/07f1bfd9-39d1-855a-e05e-a69f3029941b.htm" />
  <HelpKINode Title="UniqueKNode.Init property" Url="html/33965665-ac2b-9e48-7708-615ce2e96619.htm" />
  <HelpKINode Title="UniqueKNode.IsLeader property" Url="html/1990db2a-a1ff-2e5a-7af4-981bb84a7c42.htm" />
  <HelpKINode Title="UniqueKNode.K property" Url="html/47d536ea-7cbf-9dd4-773a-9fe65610be1f.htm" />
  <HelpKINode Title="UniqueKNode.Leader property" Url="html/345a146f-5267-d824-8888-d494b57afcb9.htm" />
  <HelpKINode Title="UniqueKNode.LeaderElected property" Url="html/4c63ef2f-308a-5709-bdc8-cf722938c5ac.htm" />
  <HelpKINode Title="UniqueKNode.NOCOUNT property" Url="html/11137e2f-6e6b-1f89-2565-a3f5f66dbb27.htm" />
  <HelpKINode Title="UniqueKNode.NOMESSAGE property" Url="html/e20584af-bfd0-1338-6067-bfae1aa80386.htm" />
  <HelpKINode Title="UniqueKNode.TimeTick method" Url="html/578da32b-1ef3-6bfe-7e4b-97a6d7db3a72.htm" />
  <HelpKINode Title="UniqueKNode.UNDEFINED property" Url="html/4d42cbc0-255e-b859-021f-bb6be9b0c1a4.htm" />
  <HelpKINode Title="UniqueKNode.UniqueKNode constructor" Url="html/5385e119-348b-ffb9-eb20-2f4c6e911523.htm" />
  <HelpKINode Title="UniqueKUtility class">
    <HelpKINode Title="UniqueKUtility Class" Url="html/68fbe031-fc46-45d7-3b8a-df065c0c22f6.htm" />
    <HelpKINode Title="about UniqueKUtility class" Url="html/68fbe031-fc46-45d7-3b8a-df065c0c22f6.htm" />
    <HelpKINode Title="constructor" Url="html/34c98656-f3a7-9d18-53a9-3ce4eb16bc58.htm" />
    <HelpKINode Title="methods" Url="html/981ed4c8-b9d6-5f4f-85c6-7bfc329a2a52.htm" />
  </HelpKINode>
  <HelpKINode Title="UniqueKUtility.ErrorChecks method" Url="html/fb620a3b-cf23-cb2d-865f-978a289e83ae.htm" />
  <HelpKINode Title="UniqueKUtility.FindK method" Url="html/bc5dd18d-6b13-3830-d6d1-c2b065d41fd4.htm" />
  <HelpKINode Title="UniqueKUtility.GetStatus method" Url="html/ee4921f4-252b-508d-1827-d0c312afb71f.htm" />
  <HelpKINode Title="UniqueKUtility.GetVariables method" Url="html/410beafb-b762-9269-501c-9c01282bb3b2.htm" />
  <HelpKINode Title="UniqueKUtility.Initialize method" Url="html/6800aa0d-e5bf-f57c-093a-34f826aef410.htm" />
  <HelpKINode Title="UniqueKUtility.IsFinished method" Url="html/d2db4187-5cfe-22d4-34c7-db33bcb43d6a.htm" />
  <HelpKINode Title="UniqueKUtility.PrintList method" Url="html/1f9e728d-04a0-333b-4ca1-6b3c3e0f1e7e.htm" />
  <HelpKINode Title="UniqueKUtility.PrintStep method" Url="html/2f334181-5bbf-f47d-5299-7a9ea581fd7f.htm" />
  <HelpKINode Title="UniqueKUtility.UniqueKUtility constructor" Url="html/34c98656-f3a7-9d18-53a9-3ce4eb16bc58.htm" />
  <HelpKINode Title="UpdateInfoList method" Url="html/42d7a702-bf8e-a0d8-9b7c-1303bc17adf6.htm" />
  <HelpKINode Title="Utility class">
    <HelpKINode Title="Utility Class" Url="html/8346706b-6ada-030d-1c6f-40b40a44b340.htm" />
    <HelpKINode Title="about Utility class" Url="html/8346706b-6ada-030d-1c6f-40b40a44b340.htm" />
    <HelpKINode Title="fields" Url="html/bc553d96-5c3c-2107-001a-aa862125bf41.htm" />
    <HelpKINode Title="methods" Url="html/df06decf-ace7-840c-f4b8-2d0a35d9e98f.htm" />
  </HelpKINode>
  <HelpKINode Title="Utility.ErrorChecks method" Url="html/1c3559f1-a496-15d9-3048-6fa9d2fc634f.htm" />
  <HelpKINode Title="Utility.ERR_MSG_SUCCESS field" Url="html/194bfc8e-6450-a116-2575-e44a51698359.htm" />
  <HelpKINode Title="Utility.GetStatus method" Url="html/7593c050-8be8-f6b3-3cc1-86c11bc6126d.htm" />
  <HelpKINode Title="Utility.GetVariables method" Url="html/2f497846-934e-b8cf-1555-2a6deb3aee42.htm" />
  <HelpKINode Title="Utility.Initialize method" Url="html/9fc37b6a-7355-f6ca-034b-0e50c285c533.htm" />
  <HelpKINode Title="Utility.IsFinished method" Url="html/49850dcb-03e0-eafb-a54c-380c556b8c1e.htm" />
  <HelpKINode Title="Utility.PrintList method" Url="html/4dee8270-5b1a-d77d-c3c0-7dc4973f0f9e.htm" />
  <HelpKINode Title="Utility.PrintStep method" Url="html/8a8ae9f1-2990-0199-2ade-405fb55cc553.htm" />
  <HelpKINode Title="VisualSimulator class">
    <HelpKINode Title="VisualSimulator Class" Url="html/b68a043c-f957-8c6b-7adf-0e59a730ca1f.htm" />
    <HelpKINode Title="about VisualSimulator class" Url="html/b68a043c-f957-8c6b-7adf-0e59a730ca1f.htm" />
    <HelpKINode Title="constructor" Url="html/d6350024-2dff-9942-4802-d32217c9a496.htm" />
    <HelpKINode Title="constructor" Url="html/185a5c41-8207-c205-70f6-d47cce27438b.htm" />
    <HelpKINode Title="methods" Url="html/20ef8f64-e0b8-17fa-bc8e-d88aebb397c9.htm" />
  </HelpKINode>
  <HelpKINode Title="VisualSimulator.btnExit_Click method" Url="html/4d8ca7e6-2726-d403-67da-51b0db506db8.htm" />
  <HelpKINode Title="VisualSimulator.btnFirst_Clicked method" Url="html/c32b93ab-415d-b831-ab0f-40b2749a18a4.htm" />
  <HelpKINode Title="VisualSimulator.btnLast_Clicked method" Url="html/6e85a3f6-b67e-f3d5-a226-38ae4d5fbd03.htm" />
  <HelpKINode Title="VisualSimulator.btnNext_Clicked method" Url="html/83e520cf-5e5a-7958-2924-93df1cdb96a8.htm" />
  <HelpKINode Title="VisualSimulator.btnPlayPause_Clicked method" Url="html/04673b25-17eb-bc5f-9832-a3e76c005ec7.htm" />
  <HelpKINode Title="VisualSimulator.btnPrev_Clicked method" Url="html/e1bdb93e-a46d-2f36-4ee1-6349963ef5fc.htm" />
  <HelpKINode Title="VisualSimulator.btnReset_Clicked method" Url="html/f2ba3c49-6c1a-8f01-cc8e-699a7deeaf27.htm" />
  <HelpKINode Title="VisualSimulator.btnSaveToFile_Clicked method" Url="html/bde89574-aa52-d2a9-4aee-2c151181dd05.htm" />
  <HelpKINode Title="VisualSimulator.CalculateRingProperties method" Url="html/2baf8bce-b001-69b9-ac9f-0f0ced345737.htm" />
  <HelpKINode Title="VisualSimulator.chkBox_CheckedChanged method" Url="html/c7537848-e30d-7e2e-7a09-21b22c03f4b6.htm" />
  <HelpKINode Title="VisualSimulator.CreateDynamicControls method" Url="html/dd7cb46f-abe0-a4ff-e988-83648c0d306f.htm" />
  <HelpKINode Title="VisualSimulator.DrawNodes method" Url="html/294e17db-7a6f-6138-2dca-c7891e7998c5.htm" />
  <HelpKINode Title="VisualSimulator.FillInfoList method" Url="html/10752849-de86-8a0b-b840-4bb218334385.htm" />
  <HelpKINode Title="VisualSimulator.gbSimulation_Paint method" Url="html/bf2e9bd7-f383-fe5d-5dc5-5bde68312580.htm" />
  <HelpKINode Title="VisualSimulator.InitializeComponent method" Url="html/1a9ec291-2861-36ea-e2fc-8549fbe8a05d.htm" />
  <HelpKINode Title="VisualSimulator.numUpDownSpeed_ValueChanged method" Url="html/b97bef8b-2e89-d952-0346-d406f41a5f98.htm" />
  <HelpKINode Title="VisualSimulator.RefreshSimulator method" Url="html/7c55996e-c416-ad1b-4eb3-c8dfb3635dc0.htm" />
  <HelpKINode Title="VisualSimulator.SaveData method" Url="html/879eb692-6141-e544-274d-bb5a589ee76a.htm" />
  <HelpKINode Title="VisualSimulator.SetCheckStatus method" Url="html/f1dc921a-3182-a972-cb6f-c044a03d462a.htm" />
  <HelpKINode Title="VisualSimulator.SetCouners method" Url="html/4dcff451-53c3-88cf-b7d8-91ffd793e1e5.htm" />
  <HelpKINode Title="VisualSimulator.SetStatusOfPlaybackButtons method" Url="html/d8928933-b637-6e18-c18e-9059a42dcbf1.htm" />
  <HelpKINode Title="VisualSimulator.TimerCallback method" Url="html/9b765f02-9b00-4d47-61d7-61daa5136a2e.htm" />
  <HelpKINode Title="VisualSimulator.UpdateInfoList method" Url="html/42d7a702-bf8e-a0d8-9b7c-1303bc17adf6.htm" />
  <HelpKINode Title="VisualSimulator.VisualSimulator constructor">
    <HelpKINode Title="VisualSimulator Constructor " Url="html/185a5c41-8207-c205-70f6-d47cce27438b.htm" />
    <HelpKINode Title="VisualSimulator Constructor " Url="html/d6350024-2dff-9942-4802-d32217c9a496.htm" />
  </HelpKINode>
  <HelpKINode Title="WrapperClasses namespace" Url="html/3d030eb0-ce6e-4ef6-5cac-b36bfefe7204.htm" />
  <HelpKINode Title="WrapperClasses.Message class" Url="html/9472f1fa-5b01-ebf1-4832-27eb5a65dbcc.htm" />
  <HelpKINode Title="WrapperClasses.Node class" Url="html/8952b09e-b7a7-7a91-7517-286bd8ee7332.htm" />
  <HelpKINode Title="WrapperClasses.NodeState class" Url="html/d299e269-b01a-8627-a132-b2cd3e5bbd34.htm" />
  <HelpKINode Title="WrapperClasses.NodeState.Item structure" Url="html/e57d2d70-56e2-bc7b-9c3a-5922fae079aa.htm" />
  <HelpKINode Title="WrapperClasses.Utility class" Url="html/8346706b-6ada-030d-1c6f-40b40a44b340.htm" />
  <HelpKINode Title="X property" Url="html/ae070a61-f4de-f3c1-15b9-b06c46c8ef13.htm" />
</HelpKI>
