﻿<?xml version="1.0" encoding="utf-8"?>
<HelpTOC>

  <HelpTOCNode Id="dee6830e-1531-438b-8223-3b291820c291" Title="DistributedAlgorithms" Url="html/4b8c24c3-f115-bc5b-6b9f-b83599d0b72d.htm">
    <HelpTOCNode Id="58c3d251-b099-45ea-997e-e8f11d79adb1" Title="LCRMsg Class" Url="html/bea31957-9d1b-685c-060b-df2e61432446.htm">
      <HelpTOCNode Title="LCRMsg Constructor " Url="html/def097ff-cc6c-1542-660b-aea42f2a70d2.htm" />
      <HelpTOCNode Id="0211f40a-1f61-46e9-a430-77c15b94a9de" Title="LCRMsg Properties" Url="html/3a42c79e-41f8-7ca8-7540-ad173497833b.htm">
        <HelpTOCNode Title="SP Property " Url="html/4a9efcc4-85b8-0a10-c7fd-52e56b40b9ae.htm" />
        <HelpTOCNode Title="UID Property " Url="html/1340dcd1-a47a-5ced-9c69-759e041b5d0d.htm" />
      </HelpTOCNode>
    </HelpTOCNode>
    <HelpTOCNode Id="c4bc36d2-bd4d-4bdf-bb2c-4759460643de" Title="LCRNode Class" Url="html/22c60800-7158-d7cc-37ae-29ecdf11f39c.htm">
      <HelpTOCNode Title="LCRNode Constructor " Url="html/ea61eb8c-8e82-3b66-8169-c235a9fa4aca.htm" />
      <HelpTOCNode Id="1dbcc389-6a78-4ce0-8bad-0ed3aeef16cf" Title="LCRNode Properties" Url="html/d0072339-e6b5-cb4f-80d3-639f250e6edb.htm">
        <HelpTOCNode Title="Active Property " Url="html/055a2af2-a124-039e-ae9b-7d1932be8c1e.htm" />
        <HelpTOCNode Title="Init Property " Url="html/3a18ada6-ba44-ac40-b735-72468207fa3b.htm" />
        <HelpTOCNode Title="IsLeader Property " Url="html/f07d3e29-47ef-cdb5-0a51-3cad0d7848f4.htm" />
        <HelpTOCNode Title="Leader Property " Url="html/c27243a9-4fa2-0584-d882-db61af8d40f1.htm" />
        <HelpTOCNode Title="LeaderElected Property " Url="html/449c75de-4ab2-40e0-5735-ecee667f1a9c.htm" />
        <HelpTOCNode Title="NOMESSAGE Property " Url="html/348d8815-b698-f977-4cea-18a4bc9aeddd.htm" />
      </HelpTOCNode>
      <HelpTOCNode Id="435b6696-cccd-4feb-bd03-182361d58fef" Title="LCRNode Methods" Url="html/ef5d3170-4629-bc17-c4b7-89234217b3e0.htm">
        <HelpTOCNode Title="TimeTick Method " Url="html/cbeee94d-40c3-d0cd-9df8-d39ade7ae2a2.htm" />
      </HelpTOCNode>
    </HelpTOCNode>
    <HelpTOCNode Id="5afc3cf5-8955-4120-ba0d-5a5f43cb7425" Title="LCRUtility Class" Url="html/92001041-a679-0cf4-1de6-7153ce8d3ec9.htm">
      <HelpTOCNode Title="LCRUtility Constructor " Url="html/2ef472c0-308b-7164-59e3-9d52a2cca8f7.htm" />
      <HelpTOCNode Id="9ed577df-9862-4bb1-9538-10d52d916d30" Title="LCRUtility Methods" Url="html/e3c84499-7692-9f86-3384-e3ffe75a96b1.htm">
        <HelpTOCNode Title="ErrorChecks Method " Url="html/71965785-6f5d-80a1-6528-2bd79e2bc3b6.htm" />
        <HelpTOCNode Title="FindK Method " Url="html/cf8ec180-0537-98f1-4a6b-87eaca8c8c81.htm" />
        <HelpTOCNode Title="GetStatus Method " Url="html/1910e3df-210e-d954-34f8-029ebb2ccc89.htm" />
        <HelpTOCNode Title="GetVariables Method " Url="html/b73f70d9-c5cb-9e2a-a56d-d7af5634765f.htm" />
        <HelpTOCNode Title="Initialize Method " Url="html/3dc96e6f-c25a-47ae-164d-ce422e22ed2f.htm" />
        <HelpTOCNode Title="IsFinished Method " Url="html/38b84da8-5780-0651-eb65-139b4a11a6f7.htm" />
        <HelpTOCNode Title="PrintList Method " Url="html/8713ac9c-9d89-169c-77c3-f6d2a69dc854.htm" />
        <HelpTOCNode Title="PrintStep Method " Url="html/92f44a77-d4c0-0f14-82c0-38c60ea66b88.htm" />
      </HelpTOCNode>
    </HelpTOCNode>
    <HelpTOCNode Id="7afc84d2-4196-489f-8a8c-149d7cb4b3e2" Title="UniqueKMsg Class" Url="html/3f70dcad-ce6a-2048-f2d6-d073aaa62130.htm">
      <HelpTOCNode Title="UniqueKMsg Constructor " Url="html/d375f073-8683-f33f-7ee6-abbdfc1dc23e.htm" />
      <HelpTOCNode Id="e9be80fc-0d5e-4f8c-84c9-c1c705bba5f3" Title="UniqueKMsg Properties" Url="html/435b04b1-fc1f-c8c6-3998-1a2fb86bb2f7.htm">
        <HelpTOCNode Title="C Property " Url="html/67602626-c62d-0436-8771-b1ef2aba0b63.htm" />
        <HelpTOCNode Title="X Property " Url="html/ae070a61-f4de-f3c1-15b9-b06c46c8ef13.htm" />
      </HelpTOCNode>
    </HelpTOCNode>
    <HelpTOCNode Id="7ea68f43-96a2-476f-ab74-f24f910a60e6" Title="UniqueKNode Class" Url="html/35b6c6f0-e55b-ec76-fed6-191ab7ef32cf.htm">
      <HelpTOCNode Title="UniqueKNode Constructor " Url="html/5385e119-348b-ffb9-eb20-2f4c6e911523.htm" />
      <HelpTOCNode Id="82964f90-0293-4d2b-8771-7b3fe85520db" Title="UniqueKNode Properties" Url="html/60eb5e4a-f8c3-2806-3055-baa8c3b6fe5e.htm">
        <HelpTOCNode Title="Active Property " Url="html/0a12657b-2323-fa03-a80d-6545b58c1fbb.htm" />
        <HelpTOCNode Title="Count Property " Url="html/07f1bfd9-39d1-855a-e05e-a69f3029941b.htm" />
        <HelpTOCNode Title="Init Property " Url="html/33965665-ac2b-9e48-7708-615ce2e96619.htm" />
        <HelpTOCNode Title="IsLeader Property " Url="html/1990db2a-a1ff-2e5a-7af4-981bb84a7c42.htm" />
        <HelpTOCNode Title="K Property " Url="html/47d536ea-7cbf-9dd4-773a-9fe65610be1f.htm" />
        <HelpTOCNode Title="Leader Property " Url="html/345a146f-5267-d824-8888-d494b57afcb9.htm" />
        <HelpTOCNode Title="LeaderElected Property " Url="html/4c63ef2f-308a-5709-bdc8-cf722938c5ac.htm" />
        <HelpTOCNode Title="NOCOUNT Property " Url="html/11137e2f-6e6b-1f89-2565-a3f5f66dbb27.htm" />
        <HelpTOCNode Title="NOMESSAGE Property " Url="html/e20584af-bfd0-1338-6067-bfae1aa80386.htm" />
        <HelpTOCNode Title="UNDEFINED Property " Url="html/4d42cbc0-255e-b859-021f-bb6be9b0c1a4.htm" />
      </HelpTOCNode>
      <HelpTOCNode Id="8e43b951-fe74-476e-bddf-dacafba78482" Title="UniqueKNode Methods" Url="html/e188c78a-9333-0d90-9e50-da6a8997582d.htm">
        <HelpTOCNode Title="TimeTick Method " Url="html/578da32b-1ef3-6bfe-7e4b-97a6d7db3a72.htm" />
      </HelpTOCNode>
    </HelpTOCNode>
    <HelpTOCNode Id="d20ce692-1c98-4ca4-a775-a37f4cab0897" Title="UniqueKUtility Class" Url="html/68fbe031-fc46-45d7-3b8a-df065c0c22f6.htm">
      <HelpTOCNode Title="UniqueKUtility Constructor " Url="html/34c98656-f3a7-9d18-53a9-3ce4eb16bc58.htm" />
      <HelpTOCNode Id="08d9dbac-0a0c-4902-84ba-ff0a76caebc3" Title="UniqueKUtility Methods" Url="html/981ed4c8-b9d6-5f4f-85c6-7bfc329a2a52.htm">
        <HelpTOCNode Title="ErrorChecks Method " Url="html/fb620a3b-cf23-cb2d-865f-978a289e83ae.htm" />
        <HelpTOCNode Id="d4b61b3e-945f-4572-ac48-0acbd5d690ea" Title="FindK Method " Url="html/bc5dd18d-6b13-3830-d6d1-c2b065d41fd4.htm">
          <HelpTOCNode Title="FindK Method (List(Int32))" Url="html/7e0a4dc6-15b5-df65-458b-52c3f2f4c935.htm" />
          <HelpTOCNode Title="FindK Method (List(Node))" Url="html/718a2792-2448-aba4-e0c7-500255c06ccc.htm" />
        </HelpTOCNode>
        <HelpTOCNode Title="GetStatus Method " Url="html/ee4921f4-252b-508d-1827-d0c312afb71f.htm" />
        <HelpTOCNode Title="GetVariables Method " Url="html/410beafb-b762-9269-501c-9c01282bb3b2.htm" />
        <HelpTOCNode Title="Initialize Method " Url="html/6800aa0d-e5bf-f57c-093a-34f826aef410.htm" />
        <HelpTOCNode Title="IsFinished Method " Url="html/d2db4187-5cfe-22d4-34c7-db33bcb43d6a.htm" />
        <HelpTOCNode Title="PrintList Method " Url="html/1f9e728d-04a0-333b-4ca1-6b3c3e0f1e7e.htm" />
        <HelpTOCNode Title="PrintStep Method " Url="html/2f334181-5bbf-f47d-5299-7a9ea581fd7f.htm" />
      </HelpTOCNode>
    </HelpTOCNode>
  </HelpTOCNode>
  <HelpTOCNode Id="a24be15f-ec62-4d77-81d8-2be04b4dfbf3" Title="DistributedAlgorithmSimulator" Url="html/6c86eb03-33a5-2809-c62f-023d07445ec8.htm">
    <HelpTOCNode Title="Algorithm Enumeration" Url="html/bfae14b3-1df8-e228-0062-7156bf876dfb.htm" />
    <HelpTOCNode Id="11f13992-68ff-491b-a861-21d4a92f53cf" Title="Common Class" Url="html/5d6443d2-7945-cad4-18d9-fb71dc4cad63.htm">
      <HelpTOCNode Id="ce2834ae-9635-44fa-a751-cbcd7d7b4862" Title="Common Fields" Url="html/c8116d4c-913f-c2a0-1952-4025b00a6e72.htm">
        <HelpTOCNode Title="CAPTION_ERROR Field" Url="html/85090610-abcb-7d34-7b07-34b61eacd70e.htm" />
        <HelpTOCNode Title="CAPTION_FILE_ERROR Field" Url="html/05497d66-83ff-2a20-e87b-aed706b4fccc.htm" />
        <HelpTOCNode Title="CAPTION_FILE_WRITE Field" Url="html/71ad4a97-d4d9-f23b-5393-b1de8eca31e8.htm" />
        <HelpTOCNode Title="CAPTION_INVALID_ID Field" Url="html/4d5c60e5-ec59-6d28-e1a2-ab007d5f9414.htm" />
        <HelpTOCNode Title="CAPTION_TEXT_SIM Field" Url="html/176d6c03-eb95-05d7-0adb-6eb9526aa3cd.htm" />
        <HelpTOCNode Title="ERR_MSG_SUCCESS Field" Url="html/d4704e1b-df16-74a4-1996-d34387547c8a.htm" />
        <HelpTOCNode Title="STR_ALG Field" Url="html/3bff8855-8707-7376-f27d-63326643ca27.htm" />
        <HelpTOCNode Title="STR_ALG_LCR Field" Url="html/3231a43d-1dc0-38e1-4a80-be23172221fd.htm" />
        <HelpTOCNode Title="STR_ALG_UNIQUE_K Field" Url="html/7913b6e3-42d1-83a2-cb2a-f8a060481a51.htm" />
        <HelpTOCNode Title="STR_DEFAULT_SAVE_FILE Field" Url="html/02e51689-e435-f0e5-dcb5-33ac350cd260.htm" />
        <HelpTOCNode Title="STR_DIR_CCW Field" Url="html/3365a2a1-f276-f9a9-2ea8-b03c13c1102e.htm" />
        <HelpTOCNode Title="STR_DIR_CW Field" Url="html/d07d836f-afdd-1f82-ca85-fab8e0351846.htm" />
        <HelpTOCNode Title="STR_FINISHED Field" Url="html/c55580d5-2bc9-ebec-6642-9bedeab803e4.htm" />
        <HelpTOCNode Title="STR_TEXT_SIM_TITLE Field" Url="html/8fa8cead-aafd-5752-0aeb-2bf80ac29ca0.htm" />
        <HelpTOCNode Title="STR_VISUAL_SIM_TITLE Field" Url="html/245d6222-bd11-4b47-5985-6630a521bd80.htm" />
      </HelpTOCNode>
    </HelpTOCNode>
    <HelpTOCNode Id="be004d56-904c-4de9-bc4d-da06dbbcef6f" Title="DistributedAlgorithmSimulator Class" Url="html/0339951a-5aca-45f9-43b1-3fbd5c17fbdb.htm">
      <HelpTOCNode Title="DistributedAlgorithmSimulator Constructor " Url="html/01067b8c-bdfd-8f36-af9e-e7145ca4ab07.htm" />
      <HelpTOCNode Title="DistributedAlgorithmSimulator Constructor " Url="html/d774b20f-ccae-e954-f172-068b71889a79.htm" />
      <HelpTOCNode Id="d0eac961-da32-4c3c-a901-e6de07941be0" Title="DistributedAlgorithmSimulator Methods" Url="html/d9ac88f6-a883-5d4f-3576-663d4a7c1d1d.htm">
        <HelpTOCNode Title="btnExit_Click Method " Url="html/8934db38-065e-86d7-d6b5-9579cce9a1f4.htm" />
        <HelpTOCNode Title="btnOpenFile_Click Method " Url="html/2257885a-76e3-06a7-c5aa-21954bee13b7.htm" />
        <HelpTOCNode Title="btnRead_Click Method " Url="html/3fd0a541-14c8-cf69-27c9-e454282f774b.htm" />
        <HelpTOCNode Title="btnRun_Click Method " Url="html/19970d96-dcb0-3aca-dc3b-9d731cabfcc2.htm" />
        <HelpTOCNode Title="CreateNetwork Method " Url="html/209028e6-b21b-4be6-c644-1099b13630dd.htm" />
        <HelpTOCNode Title="Initializations Method " Url="html/f3e96d78-b66e-1deb-a135-0bd662eb7609.htm" />
        <HelpTOCNode Title="InitializeComponent Method " Url="html/203fe87b-b7df-78c9-ca72-314bd1d8ba0f.htm" />
        <HelpTOCNode Title="LaunchSimulation Method " Url="html/830f7db4-98a5-8ed3-b09b-0417cb2fdf95.htm" />
        <HelpTOCNode Title="LoadAlgorithms Method " Url="html/1689ff54-630e-d053-0d6d-edb961e29538.htm" />
        <HelpTOCNode Title="rbInputIDs_CheckedChanged Method " Url="html/f744d49c-0023-1ee6-21c1-82923983cf7b.htm" />
        <HelpTOCNode Title="rbReadFromFile_CheckedChanged Method " Url="html/3f9f4851-a3d4-be36-d037-fb9445bc2c3f.htm" />
        <HelpTOCNode Title="SimulatorMain_Load Method " Url="html/95a722f5-60d1-88f7-b72a-5f1677b9ea65.htm" />
      </HelpTOCNode>
    </HelpTOCNode>
    <HelpTOCNode Id="052e775b-6354-41ac-8798-bbd123511507" Title="ExtensionMethods Class" Url="html/06fbd2bb-e5a0-53e9-6dd6-c35cec57557b.htm">
      <HelpTOCNode Id="29309d3a-99fa-4d67-88a8-7a525ba22793" Title="ExtensionMethods Methods" Url="html/9b566952-559c-9ea4-e3fd-e3dffc8460d8.htm">
        <HelpTOCNode Title="DeepClone(T) Method " Url="html/2a4d02a9-7232-b241-4d9f-c5f54978b717.htm" />
        <HelpTOCNode Title="DrawCircle Method " Url="html/73a4da2f-144c-bbcd-903d-9d10ab294867.htm" />
        <HelpTOCNode Title="SetHighQuality Method " Url="html/cdd42d5d-674f-92a7-9990-ead3452e0523.htm" />
      </HelpTOCNode>
    </HelpTOCNode>
    <HelpTOCNode Id="feabc0cb-429f-4347-8982-f9db79f73963" Title="FileOperations Class" Url="html/266924ec-b9ed-85b5-1a63-d0bb671ca938.htm">
      <HelpTOCNode Id="54114686-19e4-41b9-9f9f-2327ecd12d92" Title="FileOperations Methods" Url="html/e657e853-83b6-b23a-4c10-1379d69aaff1.htm">
        <HelpTOCNode Title="ReadCSVFile Method " Url="html/56789076-330f-bf9e-05e5-4e292de5013c.htm" />
        <HelpTOCNode Title="SaveToFile Method " Url="html/a8999769-aaa1-cd2c-3194-602b7f91785d.htm" />
      </HelpTOCNode>
    </HelpTOCNode>
    <HelpTOCNode Id="343e12f4-0e0c-458b-a055-70a915edc73a" Title="History Class" Url="html/29a3a8b0-2f2c-a7fb-bd67-8ebf1a95d059.htm">
      <HelpTOCNode Title="History Constructor " Url="html/18adc5ba-739a-8ce9-f2b2-ce43a533a92c.htm" />
      <HelpTOCNode Id="9a828f8a-5aed-4e82-8131-8d09ded9a7ae" Title="History Properties" Url="html/505b51bb-8930-162c-b99d-86b49573d4cf.htm">
        <HelpTOCNode Title="RoundNum Property " Url="html/86b20dce-b852-69d7-5916-c4574358550f.htm" />
        <HelpTOCNode Title="RoundSteps Property " Url="html/d9485572-444f-c835-18a6-1b5f47d01377.htm" />
        <HelpTOCNode Title="StateList Property " Url="html/f8207dbc-f381-31aa-a7a7-68fc64810e14.htm" />
        <HelpTOCNode Title="TotalSteps Property " Url="html/15d9cec4-f9f0-c5e1-7ad4-ddd97c6ae863.htm" />
      </HelpTOCNode>
    </HelpTOCNode>
    <HelpTOCNode Id="1ec58b4b-3d04-4459-acee-ac8c1ed0c724" Title="NodeControl Class" Url="html/2f551e3f-a2d5-646a-685e-2a08e129890f.htm">
      <HelpTOCNode Title="NodeControl Constructor " Url="html/1a525f0a-1e5b-93ea-827b-c933bc1a81c5.htm" />
      <HelpTOCNode Id="482fdeaf-7385-4a07-b0d3-5e063ccf65fd" Title="NodeControl Methods" Url="html/c35924c5-b2fd-3d57-a054-4913496ce4e3.htm">
        <HelpTOCNode Title="SetNodeColor Method " Url="html/9cb3f234-3e81-ad00-42e8-b01d69d1ca8f.htm" />
        <HelpTOCNode Title="SetTextColor Method " Url="html/f120e81c-43d2-624c-96a4-84f3796c685f.htm" />
      </HelpTOCNode>
    </HelpTOCNode>
    <HelpTOCNode Id="319fd085-b8e0-4cb6-8886-cf83ff907493" Title="NodeInfoControl Class" Url="html/b4eeff2a-50df-f0f2-d4f7-008f66a05e0c.htm">
      <HelpTOCNode Title="NodeInfoControl Constructor " Url="html/882c68da-a7b4-741d-bdc6-c465474623d4.htm" />
    </HelpTOCNode>
    <HelpTOCNode Id="2a92b148-6d54-4192-b31f-fac8b1dfe10a" Title="TextualSimulator Class" Url="html/efe84677-c536-a479-2203-1dc085a35a97.htm">
      <HelpTOCNode Title="TextualSimulator Constructor " Url="html/6b347c89-983c-7742-4301-17e5678764ed.htm" />
      <HelpTOCNode Title="TextualSimulator Constructor " Url="html/38dd77dc-73ef-5b8e-77a6-aeecbb269a99.htm" />
      <HelpTOCNode Id="a8d60212-5486-45f2-8d49-87138443e893" Title="TextualSimulator Methods" Url="html/2057beb6-9e42-3083-365d-9c670d6fc5a0.htm">
        <HelpTOCNode Title="btnExit_Click Method " Url="html/0bfc359d-2383-61e2-91b9-36c96f8f3100.htm" />
        <HelpTOCNode Title="btnResetTextSim_Click Method " Url="html/fbed782d-8db9-02b1-2bc6-2894e3a83f24.htm" />
        <HelpTOCNode Title="btnRunTextSim_Click Method " Url="html/3d9ac188-69ed-b2e6-e338-9af16a2f1e48.htm" />
        <HelpTOCNode Title="btnSaveTextSim_Click Method " Url="html/cd6d19a9-a38c-bb3d-8eda-37d00b254459.htm" />
        <HelpTOCNode Title="InitializeComponent Method " Url="html/84c27768-03da-85a7-9e30-2028b81e2548.htm" />
        <HelpTOCNode Title="numUpDownSpeed_ValueChanged Method " Url="html/130d56b4-f696-167a-2355-9cd1804f8b34.htm" />
        <HelpTOCNode Title="Reset Method " Url="html/60ce957a-1cbf-8c39-a1e3-c2f661e74460.htm" />
        <HelpTOCNode Title="TimerCallback Method " Url="html/2df424b5-e1c9-b62b-9fd2-69c7bb030ccd.htm" />
        <HelpTOCNode Title="ToggleRunPause Method " Url="html/984ccc37-6567-2970-3ea8-01a68544395d.htm" />
      </HelpTOCNode>
    </HelpTOCNode>
    <HelpTOCNode Id="efc58a36-3074-418f-adbc-92d41298cccb" Title="VisualSimulator Class" Url="html/b68a043c-f957-8c6b-7adf-0e59a730ca1f.htm">
      <HelpTOCNode Title="VisualSimulator Constructor " Url="html/185a5c41-8207-c205-70f6-d47cce27438b.htm" />
      <HelpTOCNode Title="VisualSimulator Constructor " Url="html/d6350024-2dff-9942-4802-d32217c9a496.htm" />
      <HelpTOCNode Id="75cd3edb-db0a-4143-a844-63cec6f20a4d" Title="VisualSimulator Methods" Url="html/20ef8f64-e0b8-17fa-bc8e-d88aebb397c9.htm">
        <HelpTOCNode Title="btnExit_Click Method " Url="html/4d8ca7e6-2726-d403-67da-51b0db506db8.htm" />
        <HelpTOCNode Title="btnFirst_Clicked Method " Url="html/c32b93ab-415d-b831-ab0f-40b2749a18a4.htm" />
        <HelpTOCNode Title="btnLast_Clicked Method " Url="html/6e85a3f6-b67e-f3d5-a226-38ae4d5fbd03.htm" />
        <HelpTOCNode Title="btnNext_Clicked Method " Url="html/83e520cf-5e5a-7958-2924-93df1cdb96a8.htm" />
        <HelpTOCNode Title="btnPlayPause_Clicked Method " Url="html/04673b25-17eb-bc5f-9832-a3e76c005ec7.htm" />
        <HelpTOCNode Title="btnPrev_Clicked Method " Url="html/e1bdb93e-a46d-2f36-4ee1-6349963ef5fc.htm" />
        <HelpTOCNode Title="btnReset_Clicked Method " Url="html/f2ba3c49-6c1a-8f01-cc8e-699a7deeaf27.htm" />
        <HelpTOCNode Title="btnSaveToFile_Clicked Method " Url="html/bde89574-aa52-d2a9-4aee-2c151181dd05.htm" />
        <HelpTOCNode Title="CalculateRingProperties Method " Url="html/2baf8bce-b001-69b9-ac9f-0f0ced345737.htm" />
        <HelpTOCNode Title="chkBox_CheckedChanged Method " Url="html/c7537848-e30d-7e2e-7a09-21b22c03f4b6.htm" />
        <HelpTOCNode Title="CreateDynamicControls Method " Url="html/dd7cb46f-abe0-a4ff-e988-83648c0d306f.htm" />
        <HelpTOCNode Title="DrawNodes Method " Url="html/294e17db-7a6f-6138-2dca-c7891e7998c5.htm" />
        <HelpTOCNode Title="FillInfoList Method " Url="html/10752849-de86-8a0b-b840-4bb218334385.htm" />
        <HelpTOCNode Title="gbSimulation_Paint Method " Url="html/bf2e9bd7-f383-fe5d-5dc5-5bde68312580.htm" />
        <HelpTOCNode Title="InitializeComponent Method " Url="html/1a9ec291-2861-36ea-e2fc-8549fbe8a05d.htm" />
        <HelpTOCNode Title="numUpDownSpeed_ValueChanged Method " Url="html/b97bef8b-2e89-d952-0346-d406f41a5f98.htm" />
        <HelpTOCNode Title="RefreshSimulator Method " Url="html/7c55996e-c416-ad1b-4eb3-c8dfb3635dc0.htm" />
        <HelpTOCNode Title="SaveData Method " Url="html/879eb692-6141-e544-274d-bb5a589ee76a.htm" />
        <HelpTOCNode Title="SetCheckStatus Method " Url="html/f1dc921a-3182-a972-cb6f-c044a03d462a.htm" />
        <HelpTOCNode Title="SetCouners Method " Url="html/4dcff451-53c3-88cf-b7d8-91ffd793e1e5.htm" />
        <HelpTOCNode Title="SetStatusOfPlaybackButtons Method " Url="html/d8928933-b637-6e18-c18e-9059a42dcbf1.htm" />
        <HelpTOCNode Title="TimerCallback Method " Url="html/9b765f02-9b00-4d47-61d7-61daa5136a2e.htm" />
        <HelpTOCNode Title="UpdateInfoList Method " Url="html/42d7a702-bf8e-a0d8-9b7c-1303bc17adf6.htm" />
      </HelpTOCNode>
    </HelpTOCNode>
  </HelpTOCNode>
  <HelpTOCNode Id="3d503e24-dbac-43a7-9b42-a93fc15c19b1" Title="WrapperClasses" Url="html/3d030eb0-ce6e-4ef6-5cac-b36bfefe7204.htm">
    <HelpTOCNode Title="Message Class" Url="html/9472f1fa-5b01-ebf1-4832-27eb5a65dbcc.htm" />
    <HelpTOCNode Id="ea88c9e2-38d1-4ece-b351-25790e8122ad" Title="Node Class" Url="html/8952b09e-b7a7-7a91-7517-286bd8ee7332.htm">
      <HelpTOCNode Id="1fecf928-baac-4884-b7c9-82c1370ddbe1" Title="Node Properties" Url="html/5bde0a1b-c51c-1d78-6022-7232c2dfaa93.htm">
        <HelpTOCNode Title="CcwNeighbor Property " Url="html/1bb7e235-91cd-857c-6093-271c041c4eea.htm" />
        <HelpTOCNode Title="CwNeighbor Property " Url="html/919b7afc-5dff-4804-35f1-b2d44b772e37.htm" />
        <HelpTOCNode Title="LinkId Property " Url="html/bd96a923-f630-ac2c-5c00-515b318d00a1.htm" />
        <HelpTOCNode Title="RcvdMsg Property " Url="html/174c266a-80e5-2321-a923-7b1a77bc2709.htm" />
        <HelpTOCNode Title="SentMsg Property " Url="html/084cd31e-0719-2863-b94a-7c74c9ffdfc4.htm" />
        <HelpTOCNode Title="UID Property " Url="html/d597cbf3-c1aa-daea-5282-744ab0910f6e.htm" />
      </HelpTOCNode>
      <HelpTOCNode Id="60f4d735-4461-4c84-b37b-de178f9211f6" Title="Node Methods" Url="html/2bbb3e8e-31c1-95de-cc52-89d876c7f4bd.htm">
        <HelpTOCNode Title="TimeTick Method " Url="html/379b466d-2940-922a-190a-5571aa43808e.htm" />
      </HelpTOCNode>
    </HelpTOCNode>
    <HelpTOCNode Id="a4753fe4-bf7a-453d-9a5e-b7c8048419d7" Title="NodeState Class" Url="html/d299e269-b01a-8627-a132-b2cd3e5bbd34.htm">
      <HelpTOCNode Title="NodeState Constructor " Url="html/99ea6511-99e3-2ff3-b582-7eef42b1c0d4.htm" />
      <HelpTOCNode Id="510b6120-5c64-4baf-9d55-fa42bf3e055b" Title="NodeState Properties" Url="html/1b790976-ea57-a6e7-561c-796d44806ed4.htm">
        <HelpTOCNode Title="CcwId Property " Url="html/f8c43e94-1dae-a3b3-2d15-dd576b567ad3.htm" />
        <HelpTOCNode Title="CwId Property " Url="html/fbb0da98-ea44-145b-73ec-91c7be1e6716.htm" />
        <HelpTOCNode Title="ItemList Property " Url="html/48995415-1081-b39a-ca79-e77309d8d0e1.htm" />
        <HelpTOCNode Title="LinkId Property " Url="html/66199610-c778-56bd-8c7c-07ac6cc7fa91.htm" />
      </HelpTOCNode>
      <HelpTOCNode Id="ce063d21-c242-4530-861a-bff39f9342c9" Title="NodeState Methods" Url="html/5404e6e8-f71d-204f-fc28-c442773a0cf5.htm">
        <HelpTOCNode Title="AddItem Method " Url="html/bbf4416c-c5b0-3ad0-83db-5b57c0c58b4e.htm" />
      </HelpTOCNode>
    </HelpTOCNode>
    <HelpTOCNode Id="7da21fff-c3a2-425e-99c4-d8ba92957c8a" Title="NodeState.Item Structure" Url="html/e57d2d70-56e2-bc7b-9c3a-5922fae079aa.htm">
      <HelpTOCNode Id="61c7d655-49c9-4241-adcc-08688845c856" Title="Item Properties" Url="html/dcb7c36c-467e-25c3-9077-2ec5c0301317.htm">
        <HelpTOCNode Title="ItemName Property " Url="html/881e9bcb-8db5-406d-72a3-a6846d88d603.htm" />
        <HelpTOCNode Title="ItemValue Property " Url="html/6d89d4b8-8991-ffc4-7003-865abc93a43f.htm" />
      </HelpTOCNode>
    </HelpTOCNode>
    <HelpTOCNode Id="2c984aa2-a89a-4a32-8652-208861d194a9" Title="Utility Class" Url="html/8346706b-6ada-030d-1c6f-40b40a44b340.htm">
      <HelpTOCNode Id="971c6e24-9de5-4b94-8bb2-f27b049df75b" Title="Utility Methods" Url="html/df06decf-ace7-840c-f4b8-2d0a35d9e98f.htm">
        <HelpTOCNode Title="ErrorChecks Method " Url="html/1c3559f1-a496-15d9-3048-6fa9d2fc634f.htm" />
        <HelpTOCNode Title="GetStatus Method " Url="html/7593c050-8be8-f6b3-3cc1-86c11bc6126d.htm" />
        <HelpTOCNode Title="GetVariables Method " Url="html/2f497846-934e-b8cf-1555-2a6deb3aee42.htm" />
        <HelpTOCNode Title="Initialize Method " Url="html/9fc37b6a-7355-f6ca-034b-0e50c285c533.htm" />
        <HelpTOCNode Title="IsFinished Method " Url="html/49850dcb-03e0-eafb-a54c-380c556b8c1e.htm" />
        <HelpTOCNode Title="PrintList Method " Url="html/4dee8270-5b1a-d77d-c3c0-7dc4973f0f9e.htm" />
        <HelpTOCNode Title="PrintStep Method " Url="html/8a8ae9f1-2990-0199-2ade-405fb55cc553.htm" />
      </HelpTOCNode>
      <HelpTOCNode Id="07418526-9d1c-45a1-ba86-f63924ee34a3" Title="Utility Fields" Url="html/bc553d96-5c3c-2107-001a-aa862125bf41.htm">
        <HelpTOCNode Title="ERR_MSG_SUCCESS Field" Url="html/194bfc8e-6450-a116-2575-e44a51698359.htm" />
      </HelpTOCNode>
    </HelpTOCNode>
  </HelpTOCNode>
</HelpTOC>
